frame, face_id, timestamp, confidence, success, AU01_r, AU02_r, AU04_r, AU05_r, AU06_r, AU07_r, AU09_r, AU10_r, AU12_r, AU14_r, AU15_r, AU17_r, AU20_r, AU23_r, AU25_r, AU26_r, AU45_r, AU01_c, AU02_c, AU04_c, AU05_c, AU06_c, AU07_c, AU09_c, AU10_c, AU12_c, AU14_c, AU15_c, AU17_c, AU20_c, AU23_c, AU25_c, AU26_c, AU28_c, AU45_c
1, 0, 0.000, 0.98, 1, 0.00, 0.00, 0.00, 1.66, 0.00, 0.00, 0.25, 0.00, 0.00, 0.00, 2.46, 2.41, 0.10, 2.16, 0.00, 3.24, 0.00, 0.00, 1.00, 0.00, 1.00, 0.00, 0.00, 0.00, 0.00, 0.00, 0.00, 1.00, 1.00, 0.00, 0.00, 0.00, 1.00, 0.00, 0.00
2, 0, 0.100, 0.98, 1, 0.00, 0.00, 0.00, 1.56, 0.00, 0.00, 0.08, 0.00, 0.00, 0.00, 3.29, 2.41, 0.03, 2.51, 0.00, 4.25, 0.00, 0.00, 1.00, 0.00, 1.00, 0.00, 0.00, 0.00, 0.00, 0.00, 0.00, 1.00, 1.00, 0.00, 1.00, 0.00, 1.00, 0.00, 0.00
3, 0, 0.200, 0.98, 1, 0.00, 0.00, 0.00, 1.28, 0.00, 0.00, 0.00, 0.38, 0.00, 0.00, 3.25, 2.31, 0.00, 2.53, 0.00, 3.86, 0.00, 0.00, 1.00, 0.00, 1.00, 0.00, 0.00, 0.00, 0.00, 0.00, 0.00, 1.00, 1.00, 0.00, 1.00, 0.00, 1.00, 0.00, 0.00
4, 0, 0.300, 0.98, 1, 0.00, 0.00, 0.00, 1.07, 0.00, 0.00, 0.00, 0.70, 0.00, 0.00, 2.69, 2.15, 0.00, 2.51, 0.14, 2.63, 0.00, 0.00, 0.00, 0.00, 1.00, 0.00, 0.00, 0.00, 0.00, 0.00, 0.00, 1.00, 1.00, 0.00, 1.00, 0.00, 0.00, 0.00, 0.00
5, 0, 0.400, 0.98, 1, 0.00, 0.00, 0.00, 0.81, 0.00, 0.00, 0.00, 1.17, 0.00, 0.00, 2.00, 2.01, 0.05, 2.49, 0.32, 1.12, 0.00, 0.00, 0.00, 0.00, 1.00, 0.00, 0.00, 0.00, 0.00, 0.00, 0.00, 1.00, 1.00, 0.00, 1.00, 0.00, 0.00, 0.00, 0.00
6, 0, 0.500, 0.98, 1, 0.00, 0.00, 0.10, 0.94, 0.00, 0.00, 0.00, 1.30, 0.00, 0.00, 1.97, 2.05, 0.05, 2.73, 0.32, 0.43, 0.00, 0.00, 0.00, 0.00, 1.00, 0.00, 0.00, 0.00, 0.00, 0.00, 0.00, 1.00, 1.00, 0.00, 1.00, 0.00, 0.00, 0.00, 0.00
7, 0, 0.600, 0.98, 1, 0.00, 0.00, 0.35, 1.20, 0.00, 0.00, 0.00, 1.30, 0.00, 0.00, 2.42, 1.84, 0.05, 2.67, 0.18, 0.11, 0.00, 0.00, 0.00, 0.00, 1.00, 0.00, 0.00, 0.00, 0.00, 0.00, 0.00, 1.00, 1.00, 0.00, 1.00, 0.00, 0.00, 0.00, 0.00
8, 0, 0.700, 0.98, 1, 0.00, 0.00, 0.68, 1.44, 0.00, 0.00, 0.00, 0.93, 0.00, 0.00, 2.90, 1.72, 0.00, 2.55, 0.00, 0.00, 0.00, 0.00, 0.00, 0.00, 1.00, 0.00, 0.00, 0.00, 0.00, 0.00, 0.00, 1.00, 1.00, 0.00, 1.00, 0.00, 0.00, 0.00, 0.00
9, 0, 0.800, 0.98, 1, 0.00, 0.00, 0.83, 1.62, 0.00, 0.00, 0.00, 0.80, 0.00, 0.00, 3.82, 1.52, 0.00, 2.05, 0.00, 0.00, 0.00, 0.00, 0.00, 0.00, 1.00, 0.00, 0.00, 0.00, 0.00, 0.00, 0.00, 1.00, 0.00, 0.00, 1.00, 0.00, 0.00, 0.00, 0.00
10, 0, 0.900, 0.98, 1, 0.00, 0.00, 0.57, 1.11, 0.21, 0.34, 0.00, 0.92, 0.29, 0.07, 3.16, 1.03, 0.00, 1.26, 0.38, 0.00, 0.00, 0.00, 0.00, 0.00, 1.00, 0.00, 0.00, 0.00, 1.00, 0.00, 0.00, 0.00, 0.00, 0.00, 1.00, 0.00, 0.00, 0.00, 0.00
11, 0, 1.000, 0.98, 1, 0.00, 0.00, 0.24, 0.58, 0.45, 0.67, 0.02, 1.19, 0.61, 0.16, 2.35, 0.53, 0.00, 0.48, 0.70, 0.00, 0.00, 0.00, 0.00, 0.00, 0.00, 0.00, 0.00, 0.00, 0.00, 0.00, 1.00, 0.00, 0.00, 0.00, 0.00, 0.00, 0.00, 0.00, 0.00
12, 0, 1.100, 0.98, 1, 0.03, 0.00, 0.00, 0.00, 0.58, 1.18, 0.15, 1.09, 0.81, 0.26, 1.10, 0.04, 0.00, 0.00, 0.86, 0.07, 0.00, 0.00, 0.00, 0.00, 0.00, 0.00, 0.00, 0.00, 1.00, 0.00, 1.00, 0.00, 0.00, 0.00, 0.00, 0.00, 0.00, 0.00, 0.00
13, 0, 1.200, 0.98, 1, 0.03, 0.00, 0.00, 0.00, 0.37, 1.06, 0.20, 0.78, 0.52, 0.33, 1.22, 0.18, 0.00, 0.05, 0.48, 0.07, 0.00, 0.00, 0.00, 0.00, 0.00, 0.00, 0.00, 0.00, 1.00, 0.00, 1.00, 0.00, 0.00, 0.00, 0.00, 0.00, 0.00, 0.00, 0.00
14, 0, 1.300, 0.98, 1, 0.03, 0.00, 0.00, 0.00, 0.13, 0.89, 0.18, 1.03, 0.28, 0.24, 0.95, 0.47, 0.00, 0.15, 0.38, 0.69, 0.00, 0.00, 0.00, 0.00, 0.00, 0.00, 0.00, 0.00, 1.00, 0.00, 1.00, 0.00, 0.00, 0.00, 0.00, 0.00, 0.00, 0.00, 0.00
15, 0, 1.400, 0.88, 1, 0.09, 0.00, 0.00, 0.00, 0.00, 0.49, 0.05, 1.04, 0.30, 0.13, 0.56, 0.61, 0.00, 0.15, 0.72, 0.61, 0.16, 0.00, 0.00, 0.00, 0.00, 0.00, 0.00, 0.00, 1.00, 0.00, 1.00, 0.00, 0.00, 0.00, 0.00, 0.00, 0.00, 0.00, 0.00
16, 0, 1.500, 0.98, 1, 0.35, 0.03, 0.00, 0.00, 0.00, 0.28, 0.02, 1.30, 0.52, 0.00, 0.49, 0.52, 0.00, 0.09, 1.02, 0.61, 0.25, 0.00, 0.00, 0.00, 0.00, 0.00, 0.00, 0.00, 1.00, 0.00, 1.00, 0.00, 0.00, 0.00, 0.00, 0.00, 0.00, 0.00, 0.00
17, 0, 1.600, 0.93, 1, 0.62, 0.03, 0.00, 0.00, 0.00, 0.26, 0.02, 1.07, 0.67, 0.00, 0.77, 0.23, 0.00, 0.00, 1.00, 0.00, 0.25, 0.00, 0.00, 0.00, 0.00, 0.00, 0.00, 0.00, 1.00, 0.00, 0.00, 0.00, 0.00, 0.00, 0.00, 0.00, 0.00, 0.00, 0.00
18, 0, 1.700, 0.98, 1, 0.72, 0.03, 0.00, 0.00, 0.00, 0.16, 0.02, 1.15, 0.64, 0.00, 1.07, 0.17, 0.00, 0.00, 0.71, 0.00, 0.09, 0.00, 0.00, 1.00, 0.00, 0.00, 0.00, 0.00, 1.00, 0.00, 0.00, 0.00, 0.00, 0.00, 0.00, 0.00, 0.00, 0.00, 0.00
19, 0, 1.800, 0.98, 1, 0.72, 0.00, 0.00, 0.00, 0.00, 0.28, 0.00, 1.17, 0.48, 0.05, 0.79, 0.14, 0.00, 0.00, 0.53, 0.42, 0.00, 0.00, 0.00, 1.00, 0.00, 0.00, 0.00, 0.00, 1.00, 0.00, 0.00, 0.00, 0.00, 0.00, 0.00, 0.00, 0.00, 0.00, 0.00
20, 0, 1.900, 0.98, 1, 0.65, 0.00, 0.03, 0.00, 0.07, 0.62, 0.00, 1.20, 0.32, 0.05, 0.88, 0.12, 0.00, 0.00, 0.49, 0.62, 0.00, 0.00, 0.00, 1.00, 0.00, 0.00, 0.00, 0.00, 1.00, 0.00, 0.00, 0.00, 0.00, 0.00, 0.00, 0.00, 0.00, 0.00, 0.00
21, 0, 2.000, 0.98, 1, 0.46, 0.00, 0.03, 0.00, 0.23, 1.24, 0.00, 1.32, 0.29, 0.05, 1.06, 0.02, 0.00, 0.00, 0.74, 0.62, 0.00, 0.00, 0.00, 1.00, 0.00, 0.00, 0.00, 0.00, 1.00, 0.00, 0.00, 0.00, 0.00, 0.00, 0.00, 0.00, 0.00, 0.00, 0.00
22, 0, 2.100, 0.98, 1, 0.22, 0.00, 0.03, 0.00, 0.47, 1.76, 0.00, 1.53, 0.58, 0.13, 1.52, 0.00, 0.00, 0.00, 1.25, 0.20, 0.00, 0.00, 0.00, 1.00, 0.00, 0.00, 0.00, 0.00, 1.00, 0.00, 0.00, 0.00, 0.00, 0.00, 0.00, 0.00, 0.00, 0.00, 0.00
23, 0, 2.200, 0.98, 1, 0.06, 0.00, 0.01, 0.00, 0.56, 2.00, 0.00, 1.57, 0.66, 0.13, 1.88, 0.12, 0.00, 0.00, 1.36, 0.00, 0.00, 0.00, 0.00, 1.00, 0.00, 0.00, 0.00, 0.00, 1.00, 0.00, 0.00, 0.00, 0.00, 0.00, 0.00, 0.00, 0.00, 0.00, 0.00
24, 0, 2.300, 0.98, 1, 0.18, 0.00, 0.01, 0.00, 0.48, 1.91, 0.00, 1.35, 0.77, 0.13, 1.78, 0.12, 0.00, 0.00, 0.96, 0.00, 0.00, 1.00, 0.00, 1.00, 0.00, 0.00, 0.00, 0.00, 0.00, 0.00, 0.00, 0.00, 0.00, 0.00, 0.00, 0.00, 0.00, 0.00, 0.00
25, 0, 2.400, 0.98, 1, 0.33, 0.00, 0.01, 0.00, 0.28, 1.68, 0.00, 0.98, 0.62, 0.00, 1.58, 0.28, 0.00, 0.00, 0.34, 0.00, 0.00, 0.00, 0.00, 1.00, 0.00, 0.00, 1.00, 0.00, 0.00, 0.00, 0.00, 0.00, 0.00, 0.00, 0.00, 0.00, 0.00, 0.00, 0.00
26, 0, 2.500, 0.98, 1, 0.43, 0.00, 0.00, 0.00, 0.24, 1.49, 0.00, 0.84, 0.61, 0.00, 0.94, 0.15, 0.00, 0.00, 0.15, 0.06, 0.00, 0.00, 0.00, 1.00, 0.00, 0.00, 1.00, 0.00, 0.00, 0.00, 0.00, 0.00, 0.00, 0.00, 0.00, 0.00, 0.00, 0.00, 0.00
27, 0, 2.600, 0.88, 1, 0.48, 0.00, 0.00, 0.00, 0.28, 1.56, 0.00, 0.93, 0.50, 0.00, 0.94, 0.21, 0.00, 0.00, 0.09, 0.06, 0.00, 0.00, 0.00, 1.00, 0.00, 0.00, 0.00, 0.00, 0.00, 0.00, 0.00, 0.00, 0.00, 0.00, 0.00, 0.00, 0.00, 0.00, 0.00
28, 0, 2.700, 0.93, 1, 0.41, 0.00, 0.00, 0.00, 0.25, 1.38, 0.00, 0.67, 0.36, 0.00, 1.04, 0.06, 0.00, 0.00, 0.09, 0.06, 0.00, 0.00, 0.00, 1.00, 0.00, 0.00, 0.00, 0.00, 0.00, 0.00, 0.00, 1.00, 0.00, 0.00, 0.00, 0.00, 0.00, 0.00, 0.00
29, 0, 2.800, 0.98, 1, 0.38, 0.00, 0.00, 0.00, 0.13, 1.22, 0.00, 0.34, 0.22, 0.00, 1.28, 0.10, 0.00, 0.20, 0.00, 0.33, 0.02, 0.00, 0.00, 1.00, 0.00, 0.00, 0.00, 0.00, 0.00, 0.00, 0.00, 1.00, 0.00, 0.00, 0.00, 0.00, 0.00, 0.00, 0.00
30, 0, 2.900, 0.88, 1, 0.56, 0.00, 0.21, 0.00, 0.01, 1.11, 0.00, 0.04, 0.16, 0.00, 1.58, 0.53, 0.00, 0.44, 0.00, 0.50, 0.02, 1.00, 0.00, 1.00, 0.00, 0.00, 1.00, 0.00, 0.00, 0.00, 0.00, 1.00, 0.00, 0.00, 0.00, 0.00, 0.00, 0.00, 0.00
31, 0, 3.000, 0.98, 1, 0.92, 0.00, 0.61, 0.00, 0.01, 1.31, 0.00, 0.17, 0.10, 0.00, 1.55, 0.66, 0.00, 0.44, 0.00, 0.58, 0.02, 1.00, 0.00, 1.00, 0.00, 0.00, 1.00, 0.00, 0.00, 0.00, 0.00, 1.00, 0.00, 0.00, 0.00, 0.00, 0.00, 0.00, 0.00
32, 0, 3.100, 0.98, 1, 1.17, 0.00, 1.02, 0.00, 0.04, 1.41, 0.00, 0.45, 0.18, 0.00, 1.80, 0.73, 0.00, 0.32, 0.00, 0.51, 0.00, 1.00, 0.00, 1.00, 0.00, 0.00, 1.00, 0.00, 0.00, 0.00, 0.00, 1.00, 0.00, 0.00, 0.00, 0.00, 0.00, 0.00, 0.00
33, 0, 3.200, 0.88, 1, 1.20, 0.00, 1.20, 0.00, 0.06, 1.40, 0.00, 0.64, 0.18, 0.00, 1.84, 0.31, 0.00, 0.14, 0.00, 0.58, 0.00, 1.00, 0.00, 1.00, 0.00, 0.00, 1.00, 0.00, 0.00, 0.00, 0.00, 1.00, 0.00, 0.00, 0.00, 0.00, 0.00, 0.00, 0.00
34, 0, 3.300, 0.88, 1, 1.15, 0.00, 1.11, 0.00, 0.19, 1.38, 0.00, 0.81, 0.38, 0.00, 1.67, 0.40, 0.00, 0.38, 0.05, 0.50, 0.00, 1.00, 0.00, 1.00, 0.00, 0.00, 1.00, 0.00, 0.00, 0.00, 0.00, 1.00, 0.00, 0.00, 0.00, 0.00, 0.00, 0.00, 0.00
35, 0, 3.400, 0.98, 1, 1.18, 0.00, 0.94, 0.00, 0.28, 1.33, 0.00, 0.73, 0.48, 0.00, 1.31, 0.53, 0.00, 0.49, 0.15, 0.24, 0.00, 1.00, 0.00, 1.00, 0.00, 0.00, 1.00, 0.00, 0.00, 0.00, 0.00, 1.00, 0.00, 0.00, 0.00, 0.00, 0.00, 0.00, 0.00
36, 0, 3.500, 0.98, 1, 1.01, 0.00, 0.70, 0.00, 0.25, 1.21, 0.00, 0.66, 0.48, 0.00, 0.84, 0.88, 0.00, 0.49, 0.15, 0.09, 0.00, 1.00, 0.00, 1.00, 0.00, 0.00, 1.00, 0.00, 0.00, 0.00, 0.00, 1.00, 0.00, 0.00, 0.00, 0.00, 0.00, 0.00, 0.00
37, 0, 3.600, 0.98, 1, 0.76, 0.00, 0.49, 0.00, 0.12, 1.10, 0.00, 0.43, 0.37, 0.00, 0.80, 0.95, 0.00, 0.30, 0.10, 0.11, 0.00, 0.00, 0.00, 1.00, 0.00, 0.00, 1.00, 0.00, 0.00, 0.00, 0.00, 0.00, 0.00, 0.00, 0.00, 0.00, 0.00, 0.00, 0.00
38, 0, 3.700, 0.98, 1, 0.50, 0.00, 0.24, 0.00, 0.00, 0.84, 0.00, 0.45, 0.37, 0.00, 0.76, 0.92, 0.00, 0.10, 0.00, 0.11, 0.00, 0.00, 0.00, 1.00, 0.00, 0.00, 1.00, 0.00, 0.00, 0.00, 0.00, 0.00, 0.00, 0.00, 0.00, 0.00, 0.00, 0.00, 0.00
39, 0, 3.800, 0.98, 1, 0.44, 0.00, 0.10, 0.00, 0.07, 0.62, 0.00, 0.61, 0.52, 0.00, 0.96, 0.84, 0.00, 0.22, 0.09, 0.02, 0.00, 0.00, 0.00, 1.00, 0.00, 0.00, 0.00, 0.00, 0.00, 0.00, 0.00, 0.00, 0.00, 0.00, 0.00, 0.00, 0.00, 0.00, 0.00
40, 0, 3.900, 0.98, 1, 0.40, 0.00, 0.06, 0.00, 0.16, 0.44, 0.00, 1.02, 0.68, 0.00, 0.93, 0.61, 0.00, 0.18, 0.25, 0.00, 0.00, 0.00, 0.00, 1.00, 0.00, 0.00, 0.00, 0.00, 0.00, 0.00, 0.00, 0.00, 0.00, 0.00, 0.00, 0.00, 0.00, 0.00, 0.00
41, 0, 4.000, 0.98, 1, 0.39, 0.00, 0.19, 0.00, 0.16, 0.53, 0.00, 1.17, 0.66, 0.00, 1.10, 0.62, 0.00, 0.34, 0.25, 0.00, 0.00, 0.00, 0.00, 1.00, 0.00, 0.00, 0.00, 0.00, 0.00, 0.00, 0.00, 0.00, 0.00, 0.00, 0.00, 0.00, 0.00, 0.00, 0.00
42, 0, 4.100, 0.98, 1, 0.45, 0.00, 0.29, 0.00, 0.10, 0.38, 0.00, 0.84, 0.40, 0.00, 0.96, 0.27, 0.00, 0.17, 0.15, 0.00, 0.00, 0.00, 0.00, 1.00, 0.00, 0.00, 0.00, 0.00, 0.00, 0.00, 0.00, 0.00, 0.00, 0.00, 0.00, 0.00, 0.00, 0.00, 0.00
43, 0, 4.200, 0.98, 1, 0.37, 0.00, 0.39, 0.00, 0.00, 0.38, 0.00, 0.51, 0.30, 0.00, 1.05, 0.21, 0.00, 0.17, 0.14, 0.12, 0.00, 0.00, 0.00, 1.00, 0.00, 0.00, 0.00, 0.00, 0.00, 0.00, 0.00, 0.00, 0.00, 0.00, 0.00, 0.00, 0.00, 0.00, 0.00
44, 0, 4.300, 0.88, 1, 0.39, 0.08, 0.38, 0.00, 0.00, 0.24, 0.00, 0.20, 0.25, 0.00, 0.91, 0.16, 0.00, 0.00, 0.24, 0.31, 0.00, 0.00, 0.00, 1.00, 0.00, 0.00, 0.00, 0.00, 0.00, 0.00, 0.00, 0.00, 0.00, 0.00, 0.00, 0.00, 0.00, 0.00, 0.00
45, 0, 4.400, 0.98, 1, 0.35, 0.08, 0.28, 0.00, 0.00, 0.32, 0.00, 0.28, 0.27, 0.00, 1.02, 0.35, 0.14, 0.00, 0.24, 0.75, 0.00, 0.00, 0.00, 1.00, 0.00, 0.00, 0.00, 0.00, 0.00, 0.00, 0.00, 0.00, 0.00, 0.00, 0.00, 0.00, 0.00, 0.00, 0.00
46, 0, 4.500, 0.88, 1, 0.31, 0.08, 0.30, 0.00, 0.01, 0.61, 0.00, 0.34, 0.25, 0.00, 1.26, 0.44, 0.14, 0.00, 0.21, 0.63, 0.00, 0.00, 0.00, 1.00, 0.00, 0.00, 0.00, 0.00, 0.00, 0.00, 0.00, 0.00, 0.00, 0.00, 0.00, 0.00, 0.00, 0.00, 0.00
47, 0, 4.600, 0.98, 1, 0.35, 0.00, 0.40, 0.00, 0.02, 0.81, 0.00, 0.40, 0.36, 0.00, 1.29, 0.30, 0.14, 0.00, 0.10, 0.43, 0.00, 0.00, 0.00, 1.00, 0.00, 0.00, 0.00, 0.00, 0.00, 0.00, 0.00, 0.00, 0.00, 0.00, 0.00, 0.00, 0.00, 0.00, 0.00
48, 0, 4.700, 0.98, 1, 0.18, 0.06, 0.59, 0.00, 0.07, 1.04, 0.00, 0.60, 0.49, 0.00, 1.20, 0.12, 0.00, 0.00, 0.38, 0.30, 0.00, 0.00, 0.00, 1.00, 0.00, 0.00, 0.00, 0.00, 0.00, 0.00, 0.00, 0.00, 0.00, 0.00, 0.00, 0.00, 0.00, 0.00, 0.00
49, 0, 4.800, 0.88, 1, 0.25, 0.06, 0.57, 0.00, 0.06, 1.02, 0.00, 0.49, 0.42, 0.00, 0.93, 0.03, 0.00, 0.00, 0.28, 0.59, 0.00, 0.00, 0.00, 1.00, 0.00, 0.00, 0.00, 0.00, 0.00, 0.00, 0.00, 0.00, 0.00, 0.00, 0.00, 0.00, 0.00, 0.00, 0.00
50, 0, 4.900, 0.98, 1, 0.28, 0.06, 0.45, 0.00, 0.08, 1.02, 0.00, 0.44, 0.35, 0.00, 0.95, 0.00, 0.00, 0.00, 0.44, 0.59, 0.05, 0.00, 0.00, 1.00, 0.00, 0.00, 1.00, 0.00, 0.00, 0.00, 0.00, 0.00, 0.00, 0.00, 0.00, 0.00, 0.00, 0.00, 0.00
51, 0, 5.000, 0.98, 1, 0.33, 0.00, 0.37, 0.00, 0.22, 1.15, 0.00, 0.26, 0.41, 0.00, 0.97, 0.00, 0.00, 0.00, 0.34, 0.28, 0.05, 0.00, 0.00, 1.00, 0.00, 0.00, 1.00, 0.00, 0.00, 0.00, 0.00, 0.00, 0.00, 0.00, 0.00, 0.00, 0.00, 0.00, 0.00
52, 0, 5.100, 0.98, 1, 0.44, 0.00, 0.38, 0.00, 0.42, 1.20, 0.00, 0.46, 0.59, 0.00, 1.19, 0.00, 0.00, 0.00, 0.45, 0.00, 0.05, 0.00, 0.00, 1.00, 0.00, 0.00, 0.00, 0.00, 0.00, 0.00, 0.00, 0.00, 0.00, 0.00, 0.00, 0.00, 0.00, 0.00, 0.00
53, 0, 5.200, 0.88, 1, 0.37, 0.00, 0.44, 0.00, 0.57, 1.41, 0.00, 0.70, 0.65, 0.00, 1.40, 0.00, 0.00, 0.00, 0.43, 0.00, 0.00, 0.00, 0.00, 1.00, 0.00, 0.00, 0.00, 0.00, 0.00, 0.00, 0.00, 0.00, 0.00, 0.00, 0.00, 0.00, 0.00, 0.00, 0.00
54, 0, 5.300, 0.93, 1, 0.45, 0.00, 0.47, 0.00, 0.50, 1.37, 0.00, 0.83, 0.69, 0.00, 1.41, 0.19, 0.00, 0.00, 0.26, 0.00, 0.01, 0.00, 0.00, 1.00, 0.00, 0.00, 0.00, 0.00, 0.00, 0.00, 0.00, 0.00, 0.00, 0.00, 0.00, 0.00, 0.00, 0.00, 0.00
55, 0, 5.400, 0.93, 1, 0.45, 0.00, 0.44, 0.00, 0.37, 1.23, 0.00, 0.79, 0.59, 0.03, 1.20, 0.19, 0.00, 0.00, 0.15, 0.00, 0.01, 0.00, 0.00, 1.00, 0.00, 0.00, 1.00, 0.00, 0.00, 0.00, 0.00, 0.00, 0.00, 0.00, 0.00, 0.00, 0.00, 0.00, 0.00
56, 0, 5.500, 0.98, 1, 0.36, 0.00, 0.41, 0.00, 0.35, 1.27, 0.00, 1.01, 0.53, 0.03, 0.87, 0.19, 0.00, 0.00, 0.35, 0.03, 0.04, 0.00, 0.00, 1.00, 0.00, 0.00, 1.00, 0.00, 0.00, 0.00, 0.00, 0.00, 0.00, 0.00, 0.00, 0.00, 0.00, 0.00, 0.00
57, 0, 5.600, 0.98, 1, 0.24, 0.00, 0.38, 0.00, 0.51, 1.52, 0.00, 1.23, 0.55, 0.03, 0.49, 0.00, 0.00, 0.00, 0.83, 0.18, 0.03, 0.00, 0.00, 1.00, 0.00, 0.00, 1.00, 0.00, 1.00, 0.00, 0.00, 0.00, 0.00, 0.00, 0.00, 0.00, 0.00, 0.00, 0.00
58, 0, 5.700, 0.98, 1, 0.05, 0.00, 0.29, 0.00, 0.74, 1.84, 0.00, 1.43, 0.70, 0.00, 0.22, 0.00, 0.00, 0.00, 1.49, 0.32, 0.03, 0.00, 0.00, 0.00, 0.00, 0.00, 1.00, 0.00, 1.00, 0.00, 0.00, 0.00, 0.00, 0.00, 0.00, 1.00, 0.00, 0.00, 0.00
59, 0, 5.800, 0.93, 1, 0.00, 0.00, 0.26, 0.00, 0.98, 1.89, 0.00, 1.38, 1.00, 0.25, 0.24, 0.00, 0.00, 0.00, 1.34, 0.29, 0.00, 0.00, 0.00, 0.00, 0.00, 0.00, 1.00, 0.00, 1.00, 0.00, 0.00, 0.00, 0.00, 0.00, 0.00, 1.00, 0.00, 0.00, 0.00
60, 0, 5.900, 0.93, 1, 0.00, 0.00, 0.19, 0.00, 1.20, 1.99, 0.01, 1.75, 1.17, 0.58, 0.72, 0.00, 0.00, 0.00, 1.32, 0.15, 0.00, 0.00, 0.00, 0.00, 0.00, 0.00, 1.00, 0.00, 1.00, 0.00, 1.00, 0.00, 0.00, 0.00, 0.00, 1.00, 0.00, 0.00, 0.00
61, 0, 6.000, 0.93, 1, 0.00, 0.00, 0.14, 0.00, 1.12, 1.96, 0.01, 1.80, 0.98, 0.96, 1.12, 0.00, 0.00, 0.00, 0.66, 0.00, 0.00, 0.00, 0.00, 0.00, 0.00, 0.00, 0.00, 0.00, 1.00, 0.00, 1.00, 0.00, 0.00, 0.00, 0.00, 1.00, 0.00, 0.00, 0.00
62, 0, 6.100, 0.98, 1, 0.00, 0.00, 0.04, 0.00, 0.99, 1.91, 0.01, 1.82, 0.73, 1.16, 1.19, 0.00, 0.00, 0.00, 0.67, 0.00, 0.00, 0.00, 0.00, 0.00, 0.00, 0.00, 0.00, 0.00, 1.00, 0.00, 1.00, 0.00, 0.00, 0.00, 0.00, 0.00, 0.00, 0.00, 0.00
63, 0, 6.200, 0.98, 1, 0.00, 0.00, 0.02, 0.00, 0.84, 1.78, 0.00, 1.65, 0.49, 0.93, 0.99, 0.00, 0.00, 0.00, 0.42, 0.16, 0.00, 0.00, 0.00, 0.00, 0.00, 0.00, 0.00, 0.00, 1.00, 0.00, 1.00, 0.00, 0.00, 0.00, 0.00, 0.00, 0.00, 0.00, 0.00
64, 0, 6.300, 0.88, 1, 0.00, 0.00, 0.06, 0.00, 0.69, 1.66, 0.00, 1.20, 0.62, 0.56, 1.30, 0.00, 0.00, 0.00, 0.42, 0.16, 0.00, 0.00, 0.00, 0.00, 0.00, 0.00, 0.00, 0.00, 1.00, 0.00, 1.00, 0.00, 0.00, 0.00, 0.00, 0.00, 0.00, 0.00, 0.00
65, 0, 6.400, 0.98, 1, 0.00, 0.00, 0.12, 0.00, 0.49, 1.62, 0.00, 0.75, 0.62, 0.21, 1.78, 0.00, 0.00, 0.00, 0.20, 0.16, 0.00, 0.00, 0.00, 0.00, 0.00, 0.00, 0.00, 0.00, 0.00, 0.00, 0.00, 0.00, 0.00, 0.00, 0.00, 0.00, 0.00, 0.00, 0.00
66, 0, 6.500, 0.98, 1, 0.01, 0.03, 0.20, 0.00, 0.30, 1.51, 0.00, 0.19, 0.68, 0.22, 2.11, 0.00, 0.00, 0.00, 0.00, 0.00, 0.00, 0.00, 0.00, 0.00, 0.00, 0.00, 0.00, 0.00, 0.00, 0.00, 0.00, 0.00, 0.00, 0.00, 0.00, 0.00, 0.00, 0.00, 0.00
67, 0, 6.600, 0.98, 1, 0.14, 0.17, 0.16, 0.00, 0.50, 1.55, 0.00, 0.21, 0.82, 0.52, 1.67, 0.00, 0.00, 0.01, 0.01, 0.00, 0.00, 0.00, 0.00, 0.00, 0.00, 0.00, 0.00, 0.00, 0.00, 0.00, 0.00, 0.00, 0.00, 0.00, 0.00, 0.00, 0.00, 0.00, 0.00
68, 0, 6.700, 0.98, 1, 0.18, 0.17, 0.26, 0.00, 0.92, 1.40, 0.00, 0.62, 1.17, 0.81, 0.88, 0.34, 0.34, 0.12, 0.26, 0.29, 0.00, 0.00, 0.00, 1.00, 0.00, 0.00, 0.00, 0.00, 0.00, 0.00, 0.00, 0.00, 0.00, 0.00, 0.00, 0.00, 0.00, 0.00, 0.00
69, 0, 6.800, 0.88, 1, 0.34, 0.15, 0.25, 0.00, 0.85, 1.09, 0.00, 0.70, 1.08, 0.70, 0.70, 0.62, 0.34, 0.12, 0.43, 0.53, 0.00, 1.00, 0.00, 1.00, 0.00, 0.00, 0.00, 0.00, 0.00, 0.00, 0.00, 0.00, 0.00, 0.00, 0.00, 0.00, 0.00, 0.00, 0.00
70, 0, 6.900, 0.88, 1, 0.36, 0.00, 0.28, 0.00, 0.56, 1.04, 0.00, 0.78, 0.73, 0.40, 0.73, 0.62, 0.34, 0.12, 0.53, 0.83, 0.00, 1.00, 0.00, 1.00, 0.00, 0.00, 0.00, 0.00, 0.00, 0.00, 0.00, 0.00, 0.00, 0.00, 0.00, 0.00, 0.00, 0.00, 0.00
71, 0, 7.000, 0.98, 1, 0.47, 0.00, 0.21, 0.00, 0.08, 1.17, 0.00, 0.49, 0.18, 0.00, 1.11, 0.28, 0.00, 0.00, 0.41, 0.80, 0.00, 1.00, 0.00, 1.00, 0.00, 0.00, 0.00, 0.00, 0.00, 0.00, 0.00, 1.00, 0.00, 0.00, 0.00, 0.00, 0.00, 0.00, 0.00
72, 0, 7.100, 0.98, 1, 0.45, 0.00, 0.18, 0.00, 0.00, 1.39, 0.00, 0.40, 0.01, 0.00, 1.04, 0.00, 0.00, 0.00, 0.34, 0.79, 0.00, 0.00, 0.00, 1.00, 0.00, 0.00, 0.00, 0.00, 0.00, 0.00, 0.00, 1.00, 0.00, 0.00, 0.00, 0.00, 0.00, 0.00, 0.00
73, 0, 7.200, 0.98, 1, 0.47, 0.00, 0.18, 0.00, 0.00, 1.31, 0.00, 0.34, 0.01, 0.00, 1.20, 0.00, 0.00, 0.00, 0.27, 0.72, 0.00, 0.00, 0.00, 1.00, 0.00, 0.00, 0.00, 0.00, 0.00, 0.00, 0.00, 1.00, 0.00, 0.00, 0.00, 0.00, 0.00, 0.00, 0.00
74, 0, 7.300, 0.98, 1, 0.44, 0.00, 0.13, 0.00, 0.00, 1.20, 0.00, 0.25, 0.00, 0.00, 1.09, 0.00, 0.00, 0.00, 0.17, 0.64, 0.00, 0.00, 0.00, 1.00, 0.00, 0.00, 0.00, 0.00, 0.00, 0.00, 0.00, 1.00, 0.00, 0.00, 0.00, 0.00, 0.00, 0.00, 0.00
75, 0, 7.400, 0.98, 1, 0.37, 0.00, 0.07, 0.00, 0.00, 1.13, 0.00, 0.18, 0.00, 0.00, 1.11, 0.00, 0.00, 0.00, 0.06, 0.58, 0.00, 0.00, 0.00, 1.00, 0.00, 0.00, 0.00, 0.00, 0.00, 0.00, 0.00, 1.00, 0.00, 0.00, 0.00, 0.00, 0.00, 0.00, 0.00
76, 0, 7.500, 0.98, 1, 0.28, 0.00, 0.05, 0.00, 0.00, 1.03, 0.00, 0.11, 0.00, 0.00, 1.10, 0.00, 0.00, 0.00, 0.03, 0.47, 0.00, 0.00, 0.00, 1.00, 0.00, 0.00, 0.00, 0.00, 0.00, 0.00, 0.00, 1.00, 0.00, 0.00, 0.00, 0.00, 0.00, 0.00, 0.00
77, 0, 7.600, 0.98, 1, 0.28, 0.00, 0.00, 0.00, 0.00, 0.93, 0.00, 0.10, 0.00, 0.00, 1.25, 0.00, 0.00, 0.00, 0.00, 0.42, 0.00, 0.00, 0.00, 1.00, 0.00, 0.00, 0.00, 0.00, 0.00, 0.00, 0.00, 1.00, 0.00, 0.00, 0.00, 0.00, 0.00, 0.00, 0.00
78, 0, 7.700, 0.98, 1, 0.35, 0.00, 0.00, 0.00, 0.00, 0.86, 0.00, 0.17, 0.05, 0.00, 1.23, 0.00, 0.00, 0.00, 0.20, 0.29, 0.00, 0.00, 0.00, 0.00, 0.00, 0.00, 0.00, 0.00, 0.00, 0.00, 0.00, 1.00, 0.00, 0.00, 0.00, 0.00, 0.00, 0.00, 0.00
79, 0, 7.800, 0.98, 1, 0.32, 0.00, 0.04, 0.00, 0.10, 0.77, 0.00, 0.45, 0.26, 0.00, 1.09, 0.00, 0.00, 0.00, 0.55, 0.16, 0.00, 0.00, 0.00, 0.00, 0.00, 0.00, 0.00, 0.00, 0.00, 0.00, 0.00, 1.00, 0.00, 0.00, 0.00, 0.00, 0.00, 0.00, 0.00
80, 0, 7.900, 0.98, 1, 0.19, 0.00, 0.04, 0.00, 0.34, 0.85, 0.00, 0.85, 0.61, 0.26, 0.90, 0.00, 0.00, 0.00, 0.96, 0.03, 0.00, 0.00, 0.00, 1.00, 0.00, 0.00, 0.00, 0.00, 1.00, 0.00, 0.00, 1.00, 0.00, 0.00, 0.00, 0.00, 0.00, 0.00, 0.00
81, 0, 8.000, 0.93, 1, 0.04, 0.00, 0.04, 0.00, 0.64, 0.89, 0.00, 1.62, 0.94, 0.64, 0.96, 0.00, 0.00, 0.00, 1.16, 0.00, 0.05, 0.00, 0.00, 0.00, 0.00, 0.00, 0.00, 0.00, 1.00, 0.00, 1.00, 0.00, 0.00, 0.00, 0.00, 0.00, 0.00, 0.00, 0.00
82, 0, 8.100, 0.93, 1, 0.00, 0.00, 0.00, 0.00, 0.87, 1.02, 0.00, 2.25, 1.19, 0.96, 1.00, 0.00, 0.00, 0.00, 1.30, 0.00, 0.05, 0.00, 0.00, 0.00, 0.00, 0.00, 0.00, 0.00, 1.00, 0.00, 1.00, 0.00, 0.00, 0.00, 0.00, 0.00, 0.00, 0.00, 0.00
83, 0, 8.200, 0.93, 1, 0.00, 0.00, 0.00, 0.00, 1.04, 1.07, 0.00, 2.81, 1.38, 1.38, 1.06, 0.00, 0.00, 0.00, 1.26, 0.00, 0.05, 0.00, 0.00, 0.00, 0.00, 0.00, 0.00, 0.00, 1.00, 0.00, 1.00, 0.00, 0.00, 0.00, 0.00, 1.00, 0.00, 0.00, 0.00
84, 0, 8.300, 0.88, 1, 0.00, 0.00, 0.00, 0.00, 1.12, 1.35, 0.00, 2.77, 1.41, 1.35, 1.21, 0.01, 0.00, 0.00, 1.14, 0.00, 0.03, 0.00, 0.00, 0.00, 0.00, 0.00, 0.00, 0.00, 1.00, 0.00, 1.00, 0.00, 0.00, 0.00, 0.00, 1.00, 0.00, 0.00, 0.00
85, 0, 8.400, 0.88, 1, 0.00, 0.00, 0.00, 0.00, 1.01, 1.63, 0.00, 2.07, 1.07, 1.02, 1.30, 0.10, 0.00, 0.00, 1.13, 0.51, 0.18, 0.00, 0.00, 1.00, 0.00, 0.00, 0.00, 0.00, 1.00, 0.00, 1.00, 0.00, 0.00, 0.00, 0.00, 0.00, 0.00, 0.00, 0.00
86, 0, 8.500, 0.88, 1, 0.00, 0.00, 0.00, 0.00, 0.60, 1.57, 0.00, 1.27, 0.58, 0.35, 1.59, 0.10, 0.00, 0.00, 0.76, 0.51, 0.24, 0.00, 0.00, 0.00, 0.00, 0.00, 0.00, 0.00, 1.00, 0.00, 0.00, 0.00, 0.00, 0.00, 0.00, 0.00, 0.00, 0.00, 0.00
87, 0, 8.600, 0.93, 1, 0.00, 0.00, 0.00, 0.00, 0.23, 1.35, 0.00, 0.72, 0.18, 0.00, 1.67, 0.24, 0.00, 0.00, 0.49, 0.51, 0.35, 0.00, 0.00, 0.00, 0.00, 0.00, 0.00, 0.00, 1.00, 0.00, 0.00, 0.00, 0.00, 0.00, 0.00, 0.00, 0.00, 0.00, 0.00
88, 0, 8.700, 0.98, 1, 0.00, 0.09, 0.00, 0.00, 0.00, 0.83, 0.00, 0.69, 0.15, 0.07, 1.53, 0.15, 0.00, 0.00, 0.00, 0.29, 0.28, 0.00, 0.00, 0.00, 0.00, 0.00, 0.00, 0.00, 1.00, 0.00, 0.00, 1.00, 0.00, 0.00, 0.00, 0.00, 0.00, 0.00, 0.00
89, 0, 8.800, 0.98, 1, 0.00, 0.10, 0.00, 0.00, 0.09, 0.83, 0.00, 0.90, 0.25, 0.45, 1.16, 0.15, 0.00, 0.00, 0.27, 0.79, 0.35, 0.00, 0.00, 0.00, 0.00, 0.00, 0.00, 0.00, 1.00, 0.00, 0.00, 1.00, 0.00, 0.00, 0.00, 0.00, 0.00, 0.00, 0.00
90, 0, 8.900, 0.93, 1, 0.00, 0.10, 0.00, 0.00, 0.23, 0.80, 0.00, 0.96, 0.59, 1.06, 0.75, 0.00, 0.00, 0.00, 0.58, 0.79, 0.35, 0.00, 0.00, 0.00, 0.00, 0.00, 0.00, 0.00, 1.00, 0.00, 1.00, 1.00, 0.00, 0.00, 0.00, 0.00, 0.00, 0.00, 0.00
91, 0, 9.000, 0.93, 1, 0.17, 0.11, 0.00, 0.00, 0.27, 0.94, 0.00, 1.12, 0.66, 1.48, 0.68, 0.00, 0.00, 0.00, 0.87, 0.50, 0.30, 0.00, 0.00, 0.00, 0.00, 0.00, 0.00, 0.00, 1.00, 0.00, 1.00, 1.00, 0.00, 0.00, 0.00, 0.00, 0.00, 0.00, 0.00
92, 0, 9.100, 0.98, 1, 0.21, 0.22, 0.00, 0.00, 0.22, 0.74, 0.00, 1.08, 0.65, 1.43, 0.57, 0.00, 0.00, 0.00, 0.90, 0.00, 0.21, 0.00, 0.00, 0.00, 0.00, 0.00, 0.00, 0.00, 1.00, 0.00, 1.00, 1.00, 0.00, 0.00, 0.00, 0.00, 0.00, 0.00, 0.00
93, 0, 9.200, 0.98, 1, 0.37, 0.35, 0.00, 0.00, 0.08, 0.40, 0.00, 1.05, 0.29, 1.06, 0.76, 0.00, 0.00, 0.00, 0.59, 0.08, 0.08, 0.00, 0.00, 0.00, 0.00, 0.00, 0.00, 0.00, 1.00, 0.00, 1.00, 1.00, 0.00, 0.00, 0.00, 0.00, 0.00, 0.00, 0.00
94, 0, 9.300, 0.98, 1, 0.35, 0.32, 0.00, 0.00, 0.04, 0.16, 0.00, 0.84, 0.13, 0.72, 0.78, 0.03, 0.00, 0.00, 0.29, 0.08, 0.05, 0.00, 0.00, 0.00, 0.00, 0.00, 0.00, 0.00, 0.00, 0.00, 1.00, 1.00, 0.00, 0.00, 0.00, 0.00, 0.00, 0.00, 0.00
95, 0, 9.400, 0.98, 1, 0.31, 0.21, 0.00, 0.00, 0.00, 0.01, 0.00, 0.72, 0.00, 0.47, 0.87, 0.11, 0.00, 0.02, 0.00, 0.47, 0.04, 0.00, 0.00, 0.00, 0.00, 0.00, 0.00, 0.00, 0.00, 0.00, 1.00, 1.00, 0.00, 0.00, 0.00, 0.00, 0.00, 0.00, 0.00
96, 0, 9.500, 0.98, 1, 0.15, 0.08, 0.00, 0.00, 0.00, 0.00, 0.06, 0.53, 0.00, 0.23, 0.85, 0.20, 0.00, 0.02, 0.09, 0.86, 0.08, 0.00, 0.00, 0.00, 0.00, 0.00, 0.00, 0.00, 0.00, 0.00, 0.00, 1.00, 0.00, 0.00, 0.00, 0.00, 0.00, 0.00, 0.00
97, 0, 9.600, 0.98, 1, 0.00, 0.00, 0.00, 0.00, 0.00, 0.23, 0.11, 0.45, 0.07, 0.08, 1.11, 0.30, 0.00, 0.02, 0.55, 0.87, 0.15, 0.00, 0.00, 0.00, 0.00, 0.00, 0.00, 0.00, 0.00, 0.00, 0.00, 1.00, 0.00, 0.00, 0.00, 0.00, 0.00, 0.00, 0.00
98, 0, 9.700, 0.98, 1, 0.00, 0.00, 0.00, 0.00, 0.00, 0.40, 0.11, 0.24, 0.37, 0.00, 1.40, 0.35, 0.00, 0.00, 0.99, 0.56, 0.12, 0.00, 0.00, 0.00, 0.00, 0.00, 0.00, 0.00, 0.00, 0.00, 0.00, 1.00, 0.00, 0.00, 0.00, 0.00, 0.00, 0.00, 0.00
99, 0, 9.800, 0.98, 1, 0.00, 0.00, 0.00, 0.00, 0.00, 0.74, 0.05, 0.18, 0.62, 0.00, 1.11, 0.46, 0.00, 0.00, 1.09, 0.26, 0.08, 0.00, 0.00, 0.00, 0.00, 0.00, 0.00, 0.00, 0.00, 0.00, 0.00, 1.00, 0.00, 0.00, 0.00, 0.00, 0.00, 0.00, 0.00
100, 0, 9.900, 0.98, 1, 0.00, 0.00, 0.00, 0.00, 0.00, 0.96, 0.00, 0.18, 0.74, 0.00, 0.77, 0.70, 0.00, 0.02, 0.97, 1.08, 0.02, 0.00, 0.00, 0.00, 0.00, 0.00, 0.00, 0.00, 0.00, 0.00, 0.00, 1.00, 0.00, 0.00, 0.00, 0.00, 0.00, 0.00, 0.00
101, 0, 10.000, 0.98, 1, 0.00, 0.05, 0.00, 0.00, 0.00, 0.93, 0.00, 0.43, 0.48, 0.26, 0.65, 0.63, 0.00, 0.02, 0.64, 1.08, 0.01, 0.00, 0.00, 0.00, 0.00, 0.00, 0.00, 0.00, 0.00, 0.00, 0.00, 1.00, 0.00, 0.00, 0.00, 0.00, 0.00, 0.00, 0.00
102, 0, 10.100, 0.98, 1, 0.00, 0.05, 0.00, 0.00, 0.01, 0.92, 0.07, 0.64, 0.26, 0.59, 0.96, 0.54, 0.00, 0.02, 0.45, 0.91, 0.02, 0.00, 0.00, 0.00, 0.00, 0.00, 0.00, 0.00, 1.00, 0.00, 1.00, 1.00, 0.00, 0.00, 0.00, 0.00, 0.00, 0.00, 0.00
103, 0, 10.200, 0.98, 1, 0.16, 0.30, 0.00, 0.00, 0.03, 0.63, 0.07, 0.85, 0.06, 0.89, 0.80, 0.32, 0.00, 0.00, 0.28, 0.16, 0.03, 0.00, 0.00, 0.00, 0.00, 0.00, 0.00, 0.00, 1.00, 0.00, 1.00, 1.00, 0.00, 0.00, 0.00, 0.00, 0.00, 0.00, 0.00
104, 0, 10.300, 0.88, 1, 0.40, 0.40, 0.00, 0.00, 0.08, 0.76, 0.07, 0.86, 0.02, 0.76, 0.43, 0.38, 0.00, 0.00, 0.36, 0.41, 0.01, 0.00, 0.00, 0.00, 0.00, 0.00, 0.00, 0.00, 1.00, 0.00, 1.00, 1.00, 0.00, 0.00, 0.00, 0.00, 0.00, 0.00, 0.00
105, 0, 10.400, 0.88, 1, 0.60, 0.49, 0.00, 0.00, 0.07, 0.64, 0.00, 1.00, 0.00, 0.61, 0.37, 0.33, 0.00, 0.00, 0.40, 0.66, 0.01, 0.00, 0.00, 1.00, 0.00, 0.00, 0.00, 0.00, 1.00, 0.00, 1.00, 1.00, 0.00, 0.00, 0.00, 0.00, 0.00, 0.00, 0.00
106, 0, 10.500, 0.88, 1, 0.67, 0.24, 0.00, 0.00, 0.05, 0.58, 0.00, 1.04, 0.00, 0.58, 0.76, 0.18, 0.00, 0.00, 0.23, 0.58, 0.00, 0.00, 0.00, 1.00, 0.00, 0.00, 0.00, 0.00, 1.00, 0.00, 1.00, 1.00, 0.00, 0.00, 0.00, 0.00, 0.00, 0.00, 0.00
107, 0, 10.600, 0.98, 1, 0.43, 0.09, 0.00, 0.00, 0.00, 0.57, 0.00, 1.13, 0.21, 0.45, 1.21, 0.34, 0.00, 0.06, 0.34, 0.42, 0.06, 0.00, 0.00, 1.00, 0.00, 0.00, 0.00, 0.00, 1.00, 0.00, 1.00, 1.00, 0.00, 0.00, 0.00, 0.00, 0.00, 0.00, 0.00
108, 0, 10.700, 0.98, 1, 0.22, 0.06, 0.00, 0.00, 0.00, 0.44, 0.00, 1.04, 0.46, 0.28, 0.94, 0.72, 0.00, 0.13, 0.60, 1.04, 0.16, 0.00, 0.00, 1.00, 0.00, 0.00, 0.00, 0.00, 1.00, 0.00, 1.00, 1.00, 0.00, 0.00, 0.00, 0.00, 0.00, 0.00, 0.00
109, 0, 10.800, 0.88, 1, 0.25, 0.32, 0.00, 0.00, 0.00, 0.48, 0.00, 0.99, 0.53, 0.30, 0.55, 0.72, 0.00, 0.13, 0.87, 1.15, 0.42, 0.00, 0.00, 0.00, 0.00, 0.00, 0.00, 0.00, 1.00, 0.00, 1.00, 1.00, 0.00, 0.00, 0.00, 0.00, 0.00, 0.00, 0.00
110, 0, 10.900, 0.88, 1, 0.58, 0.36, 0.00, 0.00, 0.00, 0.26, 0.05, 1.02, 0.61, 0.37, 0.09, 0.48, 0.00, 0.07, 1.05, 0.97, 0.51, 0.00, 0.00, 0.00, 0.00, 0.00, 0.00, 0.00, 1.00, 0.00, 1.00, 1.00, 0.00, 0.00, 0.00, 0.00, 0.00, 0.00, 0.00
111, 0, 11.000, 0.88, 1, 0.81, 0.30, 0.00, 0.00, 0.19, 0.42, 0.14, 1.61, 0.57, 0.62, 0.00, 0.45, 0.00, 0.00, 1.52, 0.19, 0.57, 1.00, 0.00, 0.00, 0.00, 0.00, 0.00, 0.00, 1.00, 0.00, 1.00, 0.00, 0.00, 0.00, 0.00, 0.00, 0.00, 0.00, 0.00
112, 0, 11.100, 0.98, 1, 0.56, 0.04, 0.00, 0.00, 0.28, 0.29, 0.22, 1.73, 0.75, 0.36, 0.29, 0.61, 0.00, 0.08, 1.42, 0.08, 0.47, 1.00, 0.00, 0.00, 0.00, 0.00, 0.00, 0.00, 1.00, 0.00, 1.00, 0.00, 0.00, 0.00, 0.00, 0.00, 0.00, 0.00, 0.00
113, 0, 11.200, 0.93, 1, 0.48, 0.00, 0.00, 0.00, 0.28, 0.24, 0.21, 1.58, 0.49, 0.29, 0.46, 0.68, 0.00, 0.09, 0.98, 0.10, 0.42, 1.00, 0.00, 0.00, 0.00, 0.00, 0.00, 0.00, 1.00, 0.00, 1.00, 0.00, 0.00, 0.00, 0.00, 0.00, 0.00, 0.00, 0.00
114, 0, 11.300, 0.98, 1, 0.44, 0.00, 0.00, 0.00, 0.09, 0.01, 0.12, 0.92, 0.28, 0.08, 0.46, 0.60, 0.00, 0.22, 0.21, 0.05, 0.26, 1.00, 1.00, 0.00, 0.00, 0.00, 0.00, 0.00, 1.00, 0.00, 1.00, 0.00, 1.00, 0.00, 0.00, 0.00, 0.00, 0.00, 0.00
115, 0, 11.400, 0.98, 1, 0.66, 0.03, 0.02, 0.00, 0.00, 0.02, 0.07, 1.07, 0.08, 0.64, 0.18, 1.13, 0.13, 0.20, 0.29, 0.66, 0.09, 1.00, 1.00, 0.00, 0.00, 0.00, 0.00, 0.00, 1.00, 0.00, 1.00, 1.00, 1.00, 0.00, 0.00, 0.00, 0.00, 0.00, 0.00
116, 0, 11.500, 0.88, 1, 0.46, 0.17, 0.02, 0.14, 0.00, 0.02, 0.04, 1.22, 0.21, 1.29, 0.00, 1.84, 0.14, 0.41, 0.26, 1.10, 0.00, 0.00, 1.00, 0.00, 1.00, 0.00, 0.00, 0.00, 1.00, 0.00, 1.00, 1.00, 1.00, 0.00, 0.00, 0.00, 0.00, 0.00, 0.00
117, 0, 11.600, 0.88, 1, 0.43, 0.44, 0.02, 0.29, 0.00, 0.02, 0.04, 1.34, 0.21, 1.73, 0.00, 2.20, 0.14, 0.27, 0.26, 1.56, 0.00, 0.00, 1.00, 0.00, 1.00, 0.00, 1.00, 0.00, 1.00, 0.00, 1.00, 1.00, 1.00, 0.00, 0.00, 0.00, 0.00, 0.00, 0.00
118, 0, 11.700, 0.98, 1, 0.36, 0.69, 0.00, 0.40, 0.00, 0.00, 0.00, 1.07, 0.16, 1.53, 0.00, 2.20, 0.09, 0.30, 0.02, 1.26, 0.00, 0.00, 1.00, 0.00, 1.00, 0.00, 1.00, 0.00, 1.00, 0.00, 1.00, 1.00, 1.00, 1.00, 0.00, 0.00, 0.00, 0.00, 0.00
119, 0, 11.800, 0.98, 1, 0.36, 0.75, 0.00, 0.39, 0.00, 0.00, 0.00, 0.94, 0.00, 1.27, 0.00, 2.01, 0.14, 0.18, 0.00, 1.11, 0.00, 0.00, 1.00, 0.00, 1.00, 0.00, 1.00, 0.00, 1.00, 0.00, 1.00, 1.00, 1.00, 1.00, 0.00, 0.00, 0.00, 0.00, 0.00
120, 0, 11.900, 0.98, 1, 0.30, 0.73, 0.00, 0.39, 0.00, 0.00, 0.00, 0.79, 0.00, 1.06, 0.00, 1.85, 0.17, 0.22, 0.00, 0.73, 0.00, 0.00, 1.00, 0.00, 1.00, 0.00, 0.00, 0.00, 1.00, 0.00, 1.00, 1.00, 1.00, 0.00, 0.00, 0.00, 0.00, 0.00, 0.00
121, 0, 12.000, 0.98, 1, 0.22, 0.56, 0.00, 0.35, 0.00, 0.00, 0.00, 0.59, 0.00, 0.89, 0.00, 1.65, 0.09, 0.18, 0.00, 0.52, 0.00, 0.00, 1.00, 0.00, 1.00, 0.00, 0.00, 0.00, 1.00, 0.00, 1.00, 1.00, 1.00, 0.00, 0.00, 0.00, 0.00, 0.00, 0.00
122, 0, 12.100, 0.98, 1, 0.18, 0.39, 0.00, 0.24, 0.00, 0.00, 0.00, 0.30, 0.00, 0.51, 0.00, 1.42, 0.03, 0.16, 0.25, 0.25, 0.00, 0.00, 1.00, 0.00, 1.00, 0.00, 0.00, 0.00, 1.00, 0.00, 1.00, 1.00, 1.00, 1.00, 0.00, 0.00, 0.00, 0.00, 0.00
123, 0, 12.200, 0.98, 1, 0.06, 0.15, 0.00, 0.08, 0.00, 0.00, 0.06, 0.21, 0.01, 0.22, 0.00, 1.29, 0.00, 0.12, 0.58, 0.59, 0.00, 0.00, 1.00, 0.00, 1.00, 0.00, 0.00, 0.00, 1.00, 0.00, 1.00, 1.00, 1.00, 1.00, 0.00, 0.00, 0.00, 0.00, 0.00
124, 0, 12.300, 0.98, 1, 0.00, 0.03, 0.00, 0.02, 0.00, 0.00, 0.06, 0.58, 0.08, 0.22, 0.00, 1.35, 0.57, 0.07, 1.26, 1.46, 0.00, 0.00, 0.00, 0.00, 1.00, 0.00, 0.00, 0.00, 1.00, 0.00, 1.00, 0.00, 1.00, 1.00, 0.00, 0.00, 0.00, 0.00, 0.00
125, 0, 12.400, 0.98, 1, 0.00, 0.00, 0.00, 0.00, 0.10, 0.05, 0.06, 1.08, 0.28, 0.61, 0.00, 1.29, 1.12, 0.00, 1.73, 2.55, 0.03, 0.00, 0.00, 0.00, 0.00, 0.00, 0.00, 0.00, 1.00, 0.00, 1.00, 0.00, 1.00, 0.00, 0.00, 1.00, 1.00, 0.00, 0.00
126, 0, 12.500, 0.98, 1, 0.00, 0.00, 0.00, 0.00, 0.20, 0.25, 0.00, 1.47, 0.53, 0.91, 0.00, 1.09, 1.50, 0.00, 2.50, 3.09, 0.03, 0.00, 0.00, 0.00, 0.00, 0.00, 0.00, 0.00, 1.00, 0.00, 1.00, 0.00, 1.00, 0.00, 0.00, 1.00, 1.00, 0.00, 0.00
127, 0, 12.600, 0.98, 1, 0.00, 0.00, 0.00, 0.00, 0.20, 0.25, 0.00, 1.42, 0.50, 0.82, 0.27, 0.53, 0.94, 0.00, 2.19, 2.11, 0.16, 0.00, 0.00, 0.00, 0.00, 0.00, 0.00, 0.00, 1.00, 0.00, 1.00, 0.00, 0.00, 0.00, 0.00, 1.00, 1.00, 0.00, 0.00
128, 0, 12.700, 0.98, 1, 0.01, 0.00, 0.00, 0.00, 0.10, 0.20, 0.00, 1.24, 0.36, 0.72, 0.42, 0.44, 0.39, 0.00, 1.74, 1.03, 0.25, 0.00, 0.00, 0.00, 0.00, 0.00, 0.00, 0.00, 1.00, 0.00, 1.00, 0.00, 0.00, 0.00, 0.00, 1.00, 1.00, 0.00, 0.00
129, 0, 12.800, 0.98, 1, 0.01, 0.00, 0.00, 0.00, 0.00, 0.00, 0.02, 1.19, 0.28, 0.61, 0.42, 0.41, 0.00, 0.00, 1.35, 0.04, 0.30, 0.00, 0.00, 0.00, 0.00, 0.00, 0.00, 0.00, 1.00, 0.00, 1.00, 0.00, 0.00, 0.00, 0.00, 1.00, 0.00, 0.00, 0.00
130, 0, 12.900, 0.98, 1, 0.01, 0.00, 0.00, 0.00, 0.00, 0.00, 0.14, 1.37, 0.47, 0.85, 0.15, 0.50, 0.00, 0.00, 1.48, 0.04, 0.22, 0.00, 0.00, 0.00, 0.00, 0.00, 0.00, 0.00, 1.00, 0.00, 1.00, 0.00, 0.00, 0.00, 0.00, 1.00, 0.00, 0.00, 0.00
131, 0, 13.000, 0.98, 1, 0.00, 0.00, 0.00, 0.00, 0.00, 0.00, 0.17, 1.85, 0.54, 0.74, 0.00, 0.34, 0.00, 0.00, 2.05, 0.00, 0.23, 0.00, 0.00, 0.00, 0.00, 0.00, 0.00, 0.00, 1.00, 0.00, 1.00, 0.00, 0.00, 0.00, 0.00, 1.00, 0.00, 0.00, 0.00
132, 0, 13.100, 0.93, 1, 0.00, 0.00, 0.00, 0.00, 0.00, 0.00, 0.14, 1.61, 0.36, 0.56, 0.13, 0.63, 0.00, 0.07, 1.36, 0.00, 0.28, 0.00, 0.00, 0.00, 1.00, 0.00, 0.00, 0.00, 1.00, 0.00, 1.00, 0.00, 0.00, 0.00, 0.00, 1.00, 0.00, 0.00, 0.00
133, 0, 13.200, 0.98, 1, 0.00, 0.00, 0.00, 0.00, 0.00, 0.00, 0.02, 1.32, 0.13, 0.18, 0.13, 0.66, 0.10, 0.07, 0.93, 0.42, 0.42, 0.00, 0.00, 0.00, 1.00, 0.00, 0.00, 0.00, 1.00, 0.00, 1.00, 0.00, 0.00, 0.00, 0.00, 0.00, 0.00, 0.00, 0.00
134, 0, 13.300, 0.98, 1, 0.10, 0.14, 0.00, 0.02, 0.00, 0.00, 0.00, 0.76, 0.00, 0.00, 0.13, 0.82, 0.10, 0.07, 0.57, 0.73, 0.39, 0.00, 0.00, 0.00, 1.00, 0.00, 0.00, 0.00, 1.00, 0.00, 1.00, 0.00, 1.00, 0.00, 0.00, 0.00, 0.00, 0.00, 0.00
135, 0, 13.400, 0.93, 1, 0.22, 0.26, 0.00, 0.06, 0.00, 0.00, 0.00, 0.71, 0.00, 0.08, 0.04, 0.93, 0.10, 0.04, 0.57, 0.74, 0.30, 0.00, 0.00, 0.00, 1.00, 0.00, 0.00, 0.00, 1.00, 0.00, 1.00, 0.00, 1.00, 0.00, 0.00, 0.00, 0.00, 0.00, 0.00
136, 0, 13.500, 0.98, 1, 0.29, 0.26, 0.00, 0.06, 0.00, 0.00, 0.00, 0.60, 0.00, 0.08, 0.09, 1.14, 0.00, 0.04, 0.55, 0.57, 0.11, 0.00, 0.00, 0.00, 1.00, 0.00, 0.00, 0.00, 1.00, 0.00, 1.00, 0.00, 1.00, 0.00, 0.00, 0.00, 0.00, 0.00, 0.00
137, 0, 13.600, 0.98, 1, 0.24, 0.12, 0.00, 0.04, 0.00, 0.00, 0.00, 0.55, 0.00, 0.08, 0.09, 1.19, 0.01, 0.04, 0.17, 0.43, 0.00, 0.00, 0.00, 0.00, 0.00, 0.00, 0.00, 0.00, 1.00, 0.00, 1.00, 0.00, 1.00, 0.00, 0.00, 0.00, 0.00, 0.00, 0.00
138, 0, 13.700, 0.98, 1, 0.18, 0.00, 0.00, 0.00, 0.00, 0.00, 0.00, 0.61, 0.00, 0.00, 0.05, 0.93, 0.01, 0.00, 0.26, 0.56, 0.00, 0.00, 0.00, 0.00, 0.00, 0.00, 0.00, 0.00, 1.00, 0.00, 1.00, 0.00, 1.00, 0.00, 0.00, 0.00, 0.00, 0.00, 0.00
139, 0, 13.800, 0.98, 1, 0.23, 0.00, 0.00, 0.00, 0.00, 0.00, 0.00, 0.65, 0.00, 0.00, 0.00, 0.80, 0.01, 0.00, 0.32, 0.48, 0.00, 0.00, 0.00, 0.00, 0.00, 0.00, 0.00, 0.00, 1.00, 0.00, 1.00, 0.00, 1.00, 0.00, 0.00, 0.00, 0.00, 0.00, 0.00
140, 0, 13.900, 0.98, 1, 0.33, 0.01, 0.00, 0.00, 0.00, 0.00, 0.00, 0.65, 0.00, 0.00, 0.00, 0.77, 0.00, 0.00, 0.40, 0.53, 0.00, 0.00, 0.00, 0.00, 0.00, 0.00, 0.00, 0.00, 1.00, 0.00, 1.00, 0.00, 1.00, 0.00, 0.00, 0.00, 0.00, 0.00, 0.00
141, 0, 14.000, 0.98, 1, 0.39, 0.01, 0.00, 0.00, 0.00, 0.00, 0.00, 0.62, 0.00, 0.00, 0.00, 0.67, 0.00, 0.00, 0.54, 0.63, 0.00, 0.00, 0.00, 0.00, 1.00, 0.00, 0.00, 0.00, 1.00, 0.00, 1.00, 0.00, 1.00, 0.00, 0.00, 0.00, 0.00, 0.00, 0.00
142, 0, 14.100, 0.98, 1, 0.40, 0.01, 0.00, 0.00, 0.00, 0.00, 0.00, 0.59, 0.00, 0.00, 0.00, 0.75, 0.00, 0.00, 0.63, 0.76, 0.00, 0.00, 0.00, 0.00, 1.00, 0.00, 0.00, 0.00, 1.00, 0.00, 1.00, 0.00, 1.00, 0.00, 0.00, 0.00, 0.00, 0.00, 0.00
143, 0, 14.200, 0.98, 1, 0.35, 0.00, 0.00, 0.00, 0.00, 0.00, 0.00, 0.60, 0.00, 0.00, 0.00, 0.68, 0.00, 0.00, 0.74, 1.02, 0.00, 0.00, 0.00, 0.00, 1.00, 0.00, 0.00, 0.00, 1.00, 0.00, 1.00, 0.00, 1.00, 0.00, 0.00, 0.00, 0.00, 0.00, 0.00
144, 0, 14.300, 0.98, 1, 0.23, 0.00, 0.00, 0.00, 0.00, 0.00, 0.00, 0.89, 0.14, 0.05, 0.00, 0.58, 0.06, 0.00, 1.24, 1.45, 0.00, 0.00, 0.00, 0.00, 1.00, 0.00, 0.00, 0.00, 1.00, 0.00, 1.00, 0.00, 0.00, 0.00, 0.00, 0.00, 0.00, 0.00, 0.00
145, 0, 14.400, 0.98, 1, 0.10, 0.00, 0.00, 0.00, 0.00, 0.00, 0.00, 1.05, 0.30, 0.58, 0.18, 0.51, 0.34, 0.00, 1.64, 2.00, 0.00, 0.00, 0.00, 0.00, 0.00, 0.00, 0.00, 0.00, 1.00, 0.00, 1.00, 0.00, 0.00, 0.00, 0.00, 0.00, 1.00, 0.00, 0.00
146, 0, 14.500, 0.98, 1, 0.00, 0.00, 0.00, 0.00, 0.00, 0.00, 0.00, 1.15, 0.38, 0.79, 0.18, 0.45, 0.37, 0.00, 2.07, 2.58, 0.00, 0.00, 0.00, 0.00, 0.00, 0.00, 0.00, 0.00, 1.00, 0.00, 1.00, 0.00, 0.00, 0.00, 0.00, 0.00, 1.00, 0.00, 0.00
147, 0, 14.600, 0.98, 1, 0.00, 0.00, 0.00, 0.00, 0.00, 0.00, 0.00, 0.86, 0.24, 0.74, 0.18, 0.75, 0.67, 0.11, 1.35, 2.69, 0.00, 0.00, 0.00, 0.00, 0.00, 0.00, 0.00, 0.00, 1.00, 0.00, 1.00, 0.00, 0.00, 0.00, 0.00, 1.00, 1.00, 0.00, 0.00
148, 0, 14.700, 0.98, 1, 0.10, 0.10, 0.00, 0.00, 0.00, 0.13, 0.00, 0.98, 0.08, 0.87, 0.00, 1.28, 1.10, 0.11, 0.89, 2.67, 0.00, 0.00, 0.00, 0.00, 0.00, 0.00, 0.00, 0.00, 1.00, 0.00, 1.00, 0.00, 0.00, 0.00, 0.00, 1.00, 1.00, 0.00, 0.00
149, 0, 14.800, 0.98, 1, 0.18, 0.10, 0.00, 0.00, 0.00, 0.26, 0.00, 1.26, 0.07, 1.01, 0.00, 1.53, 1.76, 0.11, 0.63, 2.13, 0.00, 0.00, 0.00, 0.00, 0.00, 0.00, 0.00, 0.00, 1.00, 0.00, 1.00, 0.00, 1.00, 0.00, 0.00, 0.00, 1.00, 0.00, 0.00
150, 0, 14.900, 0.98, 1, 0.23, 0.10, 0.03, 0.00, 0.00, 0.37, 0.04, 1.64, 0.11, 1.51, 0.00, 1.36, 1.64, 0.00, 0.76, 1.34, 0.00, 0.00, 0.00, 0.00, 0.00, 0.00, 0.00, 0.00, 1.00, 0.00, 1.00, 0.00, 1.00, 0.00, 0.00, 0.00, 0.00, 0.00, 0.00
151, 0, 15.000, 0.98, 1, 0.18, 0.00, 0.03, 0.00, 0.00, 0.25, 0.08, 1.69, 0.12, 1.39, 0.00, 0.82, 0.96, 0.03, 0.61, 0.52, 0.00, 0.00, 0.00, 0.00, 0.00, 0.00, 0.00, 0.00, 1.00, 0.00, 1.00, 1.00, 1.00, 0.00, 0.00, 0.00, 0.00, 0.00, 0.00
152, 0, 15.100, 0.98, 1, 0.15, 0.08, 0.03, 0.00, 0.00, 0.12, 0.09, 1.53, 0.05, 1.52, 0.00, 0.64, 0.31, 0.06, 0.14, 0.01, 0.00, 0.00, 0.00, 0.00, 1.00, 0.00, 1.00, 0.00, 1.00, 0.00, 1.00, 1.00, 1.00, 0.00, 0.00, 0.00, 0.00, 0.00, 0.00
153, 0, 15.200, 0.98, 1, 0.14, 0.08, 0.00, 0.00, 0.00, 0.03, 0.05, 1.42, 0.01, 1.55, 0.00, 0.70, 0.07, 0.10, 0.00, 0.00, 0.00, 0.00, 1.00, 0.00, 1.00, 0.00, 1.00, 0.00, 1.00, 0.00, 1.00, 1.00, 1.00, 0.00, 0.00, 0.00, 0.00, 0.00, 0.00
154, 0, 15.300, 0.98, 1, 0.14, 0.08, 0.00, 0.00, 0.00, 0.08, 0.04, 1.30, 0.00, 1.46, 0.00, 0.79, 0.04, 0.12, 0.00, 0.00, 0.00, 0.00, 1.00, 0.00, 1.00, 0.00, 1.00, 0.00, 1.00, 0.00, 1.00, 1.00, 1.00, 0.00, 0.00, 0.00, 0.00, 0.00, 0.00
155, 0, 15.400, 0.98, 1, 0.12, 0.01, 0.00, 0.00, 0.00, 0.10, 0.08, 1.24, 0.00, 1.34, 0.00, 0.82, 0.00, 0.16, 0.00, 0.00, 0.00, 0.00, 1.00, 0.00, 1.00, 0.00, 1.00, 0.00, 1.00, 0.00, 1.00, 1.00, 1.00, 0.00, 0.00, 0.00, 0.00, 0.00, 0.00
156, 0, 15.500, 0.98, 1, 0.07, 0.01, 0.00, 0.02, 0.00, 0.11, 0.08, 1.19, 0.00, 1.20, 0.00, 0.82, 0.00, 0.18, 0.00, 0.00, 0.00, 0.00, 1.00, 0.00, 1.00, 0.00, 1.00, 0.00, 1.00, 0.00, 1.00, 1.00, 1.00, 0.00, 0.00, 0.00, 0.00, 0.00, 0.00
157, 0, 15.600, 0.98, 1, 0.05, 0.01, 0.00, 0.02, 0.00, 0.04, 0.04, 1.15, 0.00, 1.07, 0.00, 0.82, 0.00, 0.17, 0.00, 0.00, 0.00, 0.00, 1.00, 0.00, 1.00, 0.00, 1.00, 0.00, 1.00, 0.00, 1.00, 1.00, 1.00, 0.00, 0.00, 0.00, 0.00, 0.00, 0.00
158, 0, 15.700, 0.98, 1, 0.02, 0.00, 0.00, 0.02, 0.00, 0.05, 0.03, 1.13, 0.00, 1.03, 0.00, 0.84, 0.00, 0.14, 0.00, 0.00, 0.00, 0.00, 1.00, 0.00, 1.00, 0.00, 1.00, 0.00, 1.00, 0.00, 1.00, 1.00, 1.00, 0.00, 0.00, 0.00, 0.00, 0.00, 0.00
159, 0, 15.800, 0.98, 1, 0.02, 0.00, 0.00, 0.00, 0.00, 0.11, 0.04, 1.11, 0.00, 0.81, 0.00, 0.73, 0.00, 0.08, 0.04, 0.08, 0.00, 0.00, 1.00, 0.00, 1.00, 0.00, 1.00, 0.00, 1.00, 0.00, 1.00, 1.00, 1.00, 0.00, 0.00, 0.00, 0.00, 0.00, 0.00
160, 0, 15.900, 0.98, 1, 0.00, 0.00, 0.00, 0.00, 0.00, 0.11, 0.04, 1.07, 0.12, 0.49, 0.00, 0.71, 0.00, 0.13, 0.59, 0.36, 0.00, 0.00, 0.00, 0.00, 1.00, 0.00, 1.00, 0.00, 1.00, 0.00, 1.00, 1.00, 1.00, 0.00, 0.00, 0.00, 0.00, 0.00, 0.00
161, 0, 16.000, 0.98, 1, 0.00, 0.00, 0.00, 0.00, 0.00, 0.08, 0.01, 1.07, 0.22, 0.17, 0.17, 1.08, 0.31, 0.26, 1.22, 1.09, 0.00, 0.00, 0.00, 0.00, 1.00, 0.00, 0.00, 0.00, 1.00, 0.00, 1.00, 0.00, 0.00, 0.00, 0.00, 0.00, 0.00, 0.00, 0.00
162, 0, 16.100, 0.98, 1, 0.00, 0.00, 0.00, 0.00, 0.00, 0.00, 0.00, 1.24, 0.30, 0.00, 0.40, 1.41, 0.58, 0.30, 1.75, 1.80, 0.08, 0.00, 0.00, 0.00, 1.00, 0.00, 0.00, 0.00, 1.00, 0.00, 0.00, 0.00, 0.00, 0.00, 0.00, 0.00, 0.00, 0.00, 0.00
163, 0, 16.200, 0.98, 1, 0.00, 0.00, 0.00, 0.00, 0.00, 0.00, 0.01, 1.41, 0.40, 0.00, 0.40, 1.22, 0.58, 0.21, 2.02, 2.25, 0.10, 0.00, 0.00, 0.00, 1.00, 0.00, 0.00, 0.00, 1.00, 0.00, 0.00, 0.00, 0.00, 0.00, 0.00, 0.00, 0.00, 0.00, 0.00
164, 0, 16.300, 0.98, 1, 0.00, 0.00, 0.00, 0.00, 0.00, 0.00, 0.07, 1.63, 0.45, 0.00, 0.23, 0.89, 0.27, 0.03, 2.07, 1.91, 0.10, 0.00, 0.00, 0.00, 1.00, 0.00, 0.00, 0.00, 1.00, 0.00, 0.00, 0.00, 0.00, 0.00, 0.00, 1.00, 0.00, 0.00, 0.00
165, 0, 16.400, 0.98, 1, 0.00, 0.00, 0.00, 0.00, 0.00, 0.00, 0.07, 1.28, 0.42, 0.00, 0.00, 0.75, 0.00, 0.00, 2.03, 1.44, 0.10, 0.00, 0.00, 0.00, 1.00, 0.00, 0.00, 0.00, 1.00, 0.00, 0.00, 0.00, 1.00, 0.00, 0.00, 1.00, 0.00, 0.00, 0.00
166, 0, 16.500, 0.98, 1, 0.00, 0.00, 0.00, 0.00, 0.00, 0.00, 0.10, 1.15, 0.32, 0.00, 0.02, 1.27, 0.12, 0.00, 1.96, 1.31, 0.08, 0.00, 0.00, 0.00, 1.00, 0.00, 0.00, 0.00, 1.00, 0.00, 0.00, 0.00, 1.00, 0.00, 0.00, 1.00, 0.00, 0.00, 0.00
167, 0, 16.600, 0.98, 1, 0.00, 0.00, 0.00, 0.00, 0.00, 0.00, 0.22, 0.95, 0.30, 0.00, 0.02, 1.26, 0.12, 0.00, 2.10, 0.93, 0.19, 0.00, 0.00, 0.00, 1.00, 0.00, 0.00, 0.00, 1.00, 0.00, 0.00, 0.00, 1.00, 0.00, 0.00, 1.00, 0.00, 0.00, 0.00
168, 0, 16.700, 0.98, 1, 0.00, 0.00, 0.00, 0.00, 0.00, 0.01, 0.34, 1.05, 0.28, 0.17, 0.11, 1.52, 0.12, 0.24, 1.57, 0.60, 0.12, 0.00, 0.00, 0.00, 1.00, 0.00, 0.00, 0.00, 1.00, 0.00, 1.00, 0.00, 1.00, 0.00, 0.00, 0.00, 0.00, 0.00, 0.00
169, 0, 16.800, 0.98, 1, 0.00, 0.00, 0.00, 0.00, 0.00, 0.01, 0.34, 1.07, 0.20, 0.30, 0.09, 1.55, 0.00, 0.43, 0.83, 0.39, 0.11, 0.00, 0.00, 0.00, 1.00, 0.00, 0.00, 0.00, 1.00, 0.00, 1.00, 0.00, 1.00, 0.00, 0.00, 0.00, 0.00, 0.00, 0.00
170, 0, 16.900, 0.98, 1, 0.00, 0.00, 0.00, 0.00, 0.00, 0.01, 0.17, 0.82, 0.07, 0.30, 0.11, 1.78, 0.18, 0.60, 0.00, 0.70, 0.00, 0.00, 0.00, 0.00, 1.00, 0.00, 0.00, 0.00, 1.00, 0.00, 1.00, 0.00, 1.00, 0.00, 0.00, 0.00, 0.00, 0.00, 0.00
171, 0, 17.000, 0.98, 1, 0.00, 0.00, 0.00, 0.00, 0.00, 0.00, 0.09, 0.79, 0.04, 0.13, 0.02, 1.47, 0.29, 0.36, 0.08, 1.26, 0.00, 0.00, 0.00, 0.00, 1.00, 0.00, 0.00, 0.00, 1.00, 0.00, 1.00, 0.00, 1.00, 0.00, 0.00, 0.00, 0.00, 0.00, 0.00
172, 0, 17.100, 0.98, 1, 0.00, 0.00, 0.00, 0.04, 0.00, 0.10, 0.16, 0.76, 0.00, 0.00, 0.02, 1.02, 0.29, 0.17, 0.72, 1.53, 0.00, 0.00, 0.00, 0.00, 1.00, 0.00, 0.00, 0.00, 1.00, 0.00, 1.00, 0.00, 1.00, 0.00, 0.00, 0.00, 0.00, 0.00, 0.00
173, 0, 17.200, 0.98, 1, 0.00, 0.00, 0.00, 0.04, 0.00, 0.19, 0.30, 1.05, 0.05, 0.00, 0.00, 0.59, 0.20, 0.00, 1.74, 2.02, 0.00, 0.00, 0.00, 0.00, 1.00, 0.00, 0.00, 0.00, 1.00, 0.00, 1.00, 0.00, 0.00, 0.00, 0.00, 1.00, 1.00, 0.00, 0.00
174, 0, 17.300, 0.98, 1, 0.00, 0.00, 0.00, 0.04, 0.00, 0.24, 0.36, 1.20, 0.08, 0.00, 0.00, 0.27, 0.10, 0.00, 2.83, 2.36, 0.18, 0.00, 0.00, 0.00, 1.00, 0.00, 0.00, 0.00, 1.00, 0.00, 1.00, 0.00, 0.00, 0.00, 0.00, 1.00, 1.00, 0.00, 0.00
175, 0, 17.400, 0.98, 1, 0.00, 0.00, 0.00, 0.00, 0.00, 0.31, 0.32, 1.24, 0.10, 0.00, 0.00, 0.11, 0.10, 0.00, 3.35, 2.72, 0.45, 0.00, 0.00, 0.00, 1.00, 0.00, 0.00, 0.00, 1.00, 0.00, 0.00, 0.00, 0.00, 0.00, 0.00, 1.00, 1.00, 0.00, 1.00
176, 0, 17.500, 0.98, 1, 0.00, 0.22, 0.00, 0.00, 0.00, 0.31, 0.17, 1.05, 0.25, 0.00, 0.18, 0.00, 0.01, 0.02, 2.78, 2.29, 0.71, 1.00, 0.00, 0.00, 0.00, 0.00, 1.00, 0.00, 1.00, 0.00, 0.00, 0.00, 0.00, 0.00, 0.00, 1.00, 1.00, 0.00, 1.00
177, 0, 17.600, 0.93, 1, 0.00, 0.53, 0.03, 0.00, 0.07, 0.53, 0.07, 0.70, 0.50, 0.40, 0.58, 0.00, 0.02, 0.22, 2.04, 1.50, 0.56, 1.00, 0.00, 0.00, 0.00, 0.00, 1.00, 0.00, 1.00, 0.00, 0.00, 0.00, 0.00, 0.00, 0.00, 1.00, 1.00, 0.00, 1.00
178, 0, 17.700, 0.88, 1, 0.00, 1.04, 0.34, 0.00, 0.28, 0.87, 0.00, 0.29, 0.75, 0.60, 1.11, 0.00, 0.02, 0.58, 1.42, 0.66, 0.29, 1.00, 0.00, 1.00, 0.00, 0.00, 1.00, 0.00, 1.00, 0.00, 0.00, 0.00, 0.00, 0.00, 0.00, 1.00, 1.00, 0.00, 1.00
179, 0, 17.800, 0.88, 1, 0.00, 1.00, 0.52, 0.00, 0.44, 1.14, 0.00, 0.25, 0.77, 0.80, 1.47, 0.00, 0.02, 0.57, 1.65, 0.27, 0.03, 0.00, 0.00, 1.00, 0.00, 0.00, 1.00, 0.00, 1.00, 0.00, 0.00, 0.00, 0.00, 0.00, 0.00, 1.00, 1.00, 0.00, 1.00
180, 0, 17.900, 0.88, 1, 0.00, 0.69, 0.49, 0.00, 0.63, 1.16, 0.18, 0.97, 0.75, 0.46, 1.13, 0.00, 0.00, 0.37, 2.27, 0.55, 0.02, 0.00, 0.00, 1.00, 0.00, 0.00, 1.00, 0.00, 1.00, 0.00, 0.00, 0.00, 0.00, 0.00, 0.00, 1.00, 1.00, 0.00, 1.00
181, 0, 18.000, 0.93, 1, 0.00, 0.18, 0.19, 0.00, 0.42, 0.72, 0.25, 1.26, 0.63, 0.26, 0.80, 0.00, 0.00, 0.01, 2.03, 0.38, 0.28, 0.00, 0.00, 1.00, 0.00, 0.00, 1.00, 0.00, 1.00, 0.00, 0.00, 0.00, 0.00, 0.00, 0.00, 1.00, 1.00, 0.00, 1.00
182, 0, 18.100, 0.88, 1, 0.00, 0.00, 0.00, 0.00, 0.26, 0.36, 0.39, 1.17, 0.57, 0.05, 0.36, 0.00, 0.00, 0.05, 1.55, 0.46, 0.63, 0.00, 0.00, 0.00, 0.00, 0.00, 0.00, 0.00, 1.00, 0.00, 0.00, 0.00, 0.00, 0.00, 0.00, 1.00, 1.00, 0.00, 0.00
183, 0, 18.200, 0.88, 1, 0.00, 0.00, 0.00, 0.00, 0.00, 0.07, 0.32, 0.65, 0.48, 0.00, 0.36, 0.00, 0.00, 0.05, 1.13, 0.43, 0.95, 0.00, 0.00, 0.00, 0.00, 0.00, 0.00, 0.00, 1.00, 0.00, 0.00, 0.00, 0.00, 0.00, 0.00, 1.00, 0.00, 0.00, 1.00
184, 0, 18.300, 0.93, 1, 0.00, 0.00, 0.00, 0.00, 0.00, 0.00, 0.25, 0.48, 0.38, 0.00, 0.55, 0.30, 0.10, 0.05, 0.84, 1.09, 0.94, 0.00, 0.00, 0.00, 1.00, 0.00, 0.00, 0.00, 1.00, 0.00, 0.00, 0.00, 0.00, 0.00, 0.00, 1.00, 0.00, 0.00, 1.00
185, 0, 18.400, 0.98, 1, 0.00, 0.00, 0.00, 0.00, 0.00, 0.05, 0.11, 0.62, 0.30, 0.00, 0.88, 0.67, 0.20, 0.00, 0.65, 1.60, 0.77, 0.00, 0.00, 0.00, 1.00, 0.00, 0.00, 0.00, 1.00, 0.00, 1.00, 0.00, 0.00, 0.00, 0.00, 0.00, 0.00, 0.00, 0.00
186, 0, 18.500, 0.98, 1, 0.00, 0.00, 0.00, 0.00, 0.00, 0.16, 0.11, 0.72, 0.18, 0.00, 0.91, 0.98, 0.28, 0.00, 0.38, 2.33, 0.61, 0.00, 0.00, 0.00, 1.00, 0.00, 0.00, 0.00, 1.00, 0.00, 1.00, 0.00, 0.00, 0.00, 0.00, 0.00, 0.00, 0.00, 0.00
187, 0, 18.600, 0.98, 1, 0.02, 0.06, 0.00, 0.00, 0.00, 0.28, 0.11, 0.92, 0.18, 0.00, 0.53, 0.90, 0.18, 0.00, 0.45, 2.04, 0.41, 0.00, 0.00, 0.00, 1.00, 0.00, 1.00, 0.00, 1.00, 0.00, 1.00, 0.00, 0.00, 0.00, 0.00, 0.00, 0.00, 0.00, 0.00
188, 0, 18.700, 0.98, 1, 0.08, 0.06, 0.00, 0.00, 0.00, 0.38, 0.17, 0.99, 0.28, 0.00, 0.09, 0.53, 0.08, 0.00, 0.78, 1.52, 0.38, 0.00, 0.00, 0.00, 1.00, 0.00, 1.00, 0.00, 1.00, 0.00, 1.00, 0.00, 1.00, 0.00, 0.00, 0.00, 0.00, 0.00, 0.00
189, 0, 18.800, 0.98, 1, 0.11, 0.06, 0.00, 0.00, 0.00, 0.30, 0.14, 1.03, 0.45, 0.00, 0.00, 0.22, 0.00, 0.00, 1.01, 0.56, 0.32, 0.00, 0.00, 0.00, 1.00, 0.00, 1.00, 0.00, 1.00, 0.00, 1.00, 0.00, 1.00, 0.00, 0.00, 0.00, 0.00, 0.00, 0.00
190, 0, 18.900, 0.98, 1, 0.20, 0.00, 0.00, 0.00, 0.00, 0.18, 0.14, 1.18, 0.55, 0.00, 0.00, 0.33, 0.00, 0.00, 0.94, 0.47, 0.29, 0.00, 0.00, 0.00, 1.00, 0.00, 1.00, 0.00, 1.00, 0.00, 1.00, 0.00, 1.00, 0.00, 0.00, 0.00, 0.00, 0.00, 0.00
191, 0, 19.000, 0.98, 1, 0.32, 0.00, 0.00, 0.00, 0.00, 0.05, 0.07, 1.10, 0.44, 0.00, 0.00, 0.77, 0.00, 0.03, 0.61, 0.77, 0.13, 0.00, 0.00, 0.00, 1.00, 0.00, 1.00, 0.00, 1.00, 0.00, 1.00, 0.00, 1.00, 0.00, 0.00, 0.00, 0.00, 0.00, 0.00
192, 0, 19.100, 0.98, 1, 0.29, 0.00, 0.00, 0.00, 0.00, 0.03, 0.03, 1.06, 0.27, 0.08, 0.09, 1.23, 0.00, 0.03, 0.54, 1.49, 0.09, 0.00, 0.00, 0.00, 1.00, 0.00, 1.00, 0.00, 1.00, 0.00, 1.00, 0.00, 1.00, 0.00, 0.00, 0.00, 0.00, 0.00, 0.00
193, 0, 19.200, 0.98, 1, 0.18, 0.00, 0.00, 0.00, 0.08, 0.10, 0.13, 1.04, 0.22, 0.29, 0.23, 1.33, 0.19, 0.03, 0.86, 2.11, 0.16, 0.00, 0.00, 0.00, 1.00, 0.00, 1.00, 0.00, 1.00, 0.00, 1.00, 0.00, 1.00, 0.00, 0.00, 0.00, 0.00, 0.00, 0.00
194, 0, 19.300, 0.93, 1, 0.10, 0.00, 0.00, 0.00, 0.08, 0.10, 0.13, 1.05, 0.15, 0.36, 0.23, 1.15, 0.19, 0.00, 0.91, 2.08, 0.33, 0.00, 0.00, 0.00, 1.00, 0.00, 1.00, 0.00, 1.00, 0.00, 1.00, 0.00, 1.00, 0.00, 0.00, 0.00, 0.00, 0.00, 0.00
195, 0, 19.400, 0.98, 1, 0.19, 0.00, 0.00, 0.00, 0.08, 0.08, 0.15, 0.99, 0.14, 0.28, 0.14, 0.77, 0.19, 0.00, 0.64, 1.38, 0.36, 0.00, 0.00, 0.00, 1.00, 0.00, 1.00, 0.00, 1.00, 0.00, 1.00, 1.00, 1.00, 0.00, 0.00, 0.00, 0.00, 0.00, 0.00
196, 0, 19.500, 0.98, 1, 0.19, 0.00, 0.00, 0.00, 0.09, 0.07, 0.43, 1.09, 0.17, 0.09, 0.00, 0.79, 0.00, 0.00, 0.86, 0.97, 0.38, 0.00, 0.00, 0.00, 1.00, 0.00, 1.00, 0.00, 1.00, 0.00, 1.00, 1.00, 1.00, 0.00, 0.00, 0.00, 0.00, 0.00, 0.00
197, 0, 19.600, 0.98, 1, 0.10, 0.00, 0.00, 0.00, 0.27, 0.09, 0.77, 1.52, 0.32, 0.33, 0.00, 0.84, 0.00, 0.00, 1.06, 1.01, 0.41, 0.00, 0.00, 0.00, 1.00, 0.00, 1.00, 0.00, 1.00, 0.00, 1.00, 1.00, 1.00, 0.00, 0.00, 0.00, 0.00, 0.00, 0.00
198, 0, 19.700, 0.93, 1, 0.00, 0.00, 0.00, 0.00, 0.29, 0.09, 0.90, 1.79, 0.52, 0.81, 0.00, 1.40, 0.45, 0.21, 0.84, 1.42, 0.58, 0.00, 0.00, 0.00, 1.00, 0.00, 1.00, 0.00, 1.00, 0.00, 1.00, 1.00, 1.00, 0.00, 0.00, 0.00, 0.00, 0.00, 0.00
199, 0, 19.800, 0.98, 1, 0.00, 0.00, 0.00, 0.04, 0.20, 0.04, 0.54, 1.59, 0.40, 1.06, 0.00, 1.32, 0.54, 0.28, 0.31, 1.09, 0.45, 0.00, 0.00, 0.00, 1.00, 0.00, 1.00, 0.00, 1.00, 0.00, 1.00, 1.00, 1.00, 0.00, 0.00, 0.00, 0.00, 0.00, 0.00
200, 0, 19.900, 0.98, 1, 0.02, 0.03, 0.00, 0.04, 0.03, 0.00, 0.20, 1.19, 0.25, 0.88, 0.00, 1.37, 0.57, 0.33, 0.05, 0.96, 0.26, 0.00, 0.00, 0.00, 1.00, 0.00, 1.00, 0.00, 1.00, 0.00, 1.00, 1.00, 1.00, 0.00, 0.00, 0.00, 0.00, 0.00, 0.00
201, 0, 20.000, 0.98, 1, 0.02, 0.04, 0.00, 0.15, 0.00, 0.00, 0.01, 0.90, 0.01, 0.52, 0.00, 1.13, 0.44, 0.13, 0.41, 1.19, 0.00, 0.00, 0.00, 0.00, 1.00, 0.00, 1.00, 0.00, 1.00, 0.00, 1.00, 1.00, 1.00, 1.00, 0.00, 0.00, 0.00, 0.00, 0.00
202, 0, 20.100, 0.98, 1, 0.02, 0.11, 0.00, 0.15, 0.00, 0.18, 0.00, 0.90, 0.04, 0.61, 0.00, 1.23, 0.76, 0.05, 1.09, 2.01, 0.00, 0.00, 1.00, 0.00, 1.00, 0.00, 1.00, 0.00, 1.00, 0.00, 1.00, 1.00, 1.00, 1.00, 0.00, 0.00, 0.00, 0.00, 0.00
203, 0, 20.200, 0.98, 1, 0.00, 0.16, 0.00, 0.15, 0.00, 0.29, 0.00, 0.86, 0.04, 0.68, 0.00, 1.15, 1.00, 0.00, 1.26, 2.23, 0.00, 0.00, 1.00, 0.00, 1.00, 0.00, 1.00, 0.00, 1.00, 0.00, 1.00, 0.00, 1.00, 0.00, 0.00, 0.00, 0.00, 0.00, 0.00
204, 0, 20.300, 0.98, 1, 0.00, 0.17, 0.00, 0.14, 0.00, 0.30, 0.00, 0.84, 0.04, 0.66, 0.00, 0.98, 0.79, 0.00, 1.06, 1.87, 0.00, 0.00, 1.00, 0.00, 1.00, 0.00, 1.00, 0.00, 1.00, 0.00, 1.00, 0.00, 1.00, 0.00, 0.00, 1.00, 1.00, 0.00, 0.00
205, 0, 20.400, 0.98, 1, 0.00, 0.10, 0.00, 0.14, 0.00, 0.13, 0.00, 0.67, 0.00, 0.29, 0.00, 0.77, 0.45, 0.00, 0.79, 1.36, 0.00, 0.00, 0.00, 0.00, 0.00, 0.00, 1.00, 0.00, 1.00, 0.00, 1.00, 0.00, 1.00, 0.00, 0.00, 1.00, 1.00, 0.00, 0.00
206, 0, 20.500, 0.98, 1, 0.00, 0.02, 0.00, 0.25, 0.00, 0.02, 0.00, 0.54, 0.00, 0.09, 0.00, 0.65, 0.20, 0.00, 1.03, 1.52, 0.00, 0.00, 0.00, 0.00, 0.00, 0.00, 0.00, 0.00, 1.00, 0.00, 1.00, 0.00, 1.00, 0.00, 0.00, 1.00, 1.00, 0.00, 0.00
207, 0, 20.600, 0.98, 1, 0.00, 0.00, 0.00, 0.15, 0.01, 0.08, 0.00, 0.52, 0.01, 0.21, 0.09, 0.51, 0.32, 0.00, 1.21, 1.47, 0.00, 0.00, 0.00, 0.00, 0.00, 0.00, 0.00, 0.00, 1.00, 0.00, 1.00, 0.00, 1.00, 0.00, 0.00, 1.00, 1.00, 0.00, 0.00
208, 0, 20.700, 0.98, 1, 0.00, 0.00, 0.00, 0.11, 0.01, 0.10, 0.00, 0.68, 0.28, 0.49, 0.25, 0.89, 0.25, 0.15, 1.22, 1.75, 0.00, 0.00, 0.00, 0.00, 0.00, 0.00, 0.00, 0.00, 1.00, 0.00, 1.00, 0.00, 1.00, 0.00, 0.00, 1.00, 1.00, 0.00, 0.00
209, 0, 20.800, 0.98, 1, 0.00, 0.00, 0.00, 0.00, 0.01, 0.10, 0.00, 0.84, 0.50, 0.52, 0.26, 1.26, 0.42, 0.32, 1.03, 1.83, 0.05, 0.00, 0.00, 0.00, 0.00, 0.00, 0.00, 0.00, 1.00, 0.00, 1.00, 0.00, 1.00, 0.00, 0.00, 1.00, 1.00, 0.00, 0.00
210, 0, 20.900, 0.98, 1, 0.00, 0.00, 0.00, 0.00, 0.00, 0.02, 0.00, 0.83, 0.50, 0.32, 0.17, 1.41, 0.17, 0.32, 0.63, 1.64, 0.19, 0.00, 0.00, 0.00, 0.00, 0.00, 0.00, 0.00, 1.00, 0.00, 1.00, 0.00, 1.00, 0.00, 0.00, 1.00, 1.00, 0.00, 0.00
211, 0, 21.000, 0.98, 1, 0.00, 0.00, 0.00, 0.00, 0.00, 0.00, 0.07, 1.02, 0.37, 0.03, 0.02, 0.92, 0.17, 0.17, 0.98, 1.80, 0.43, 0.00, 0.00, 0.00, 0.00, 0.00, 0.00, 0.00, 1.00, 0.00, 1.00, 0.00, 1.00, 0.00, 0.00, 1.00, 1.00, 0.00, 0.00
212, 0, 21.100, 0.98, 1, 0.00, 0.04, 0.00, 0.00, 0.00, 0.00, 0.16, 1.21, 0.33, 0.00, 0.00, 0.70, 0.00, 0.00, 1.42, 1.68, 0.62, 0.00, 0.00, 0.00, 0.00, 0.00, 0.00, 0.00, 1.00, 0.00, 1.00, 0.00, 1.00, 0.00, 0.00, 0.00, 1.00, 0.00, 0.00
213, 0, 21.200, 0.98, 1, 0.00, 0.04, 0.00, 0.00, 0.00, 0.07, 0.16, 1.23, 0.36, 0.01, 0.06, 1.10, 0.12, 0.11, 1.42, 1.51, 0.59, 0.00, 0.00, 0.00, 0.00, 0.00, 0.00, 0.00, 1.00, 0.00, 1.00, 0.00, 1.00, 0.00, 0.00, 0.00, 1.00, 0.00, 0.00
214, 0, 21.300, 0.98, 1, 0.00, 0.04, 0.00, 0.00, 0.00, 0.07, 0.11, 1.01, 0.22, 0.01, 0.06, 1.21, 0.12, 0.11, 0.83, 0.76, 0.52, 0.00, 0.00, 0.00, 0.00, 0.00, 0.00, 0.00, 1.00, 0.00, 1.00, 0.00, 1.00, 0.00, 0.00, 1.00, 1.00, 0.00, 0.00
215, 0, 21.400, 0.98, 1, 0.00, 0.00, 0.00, 0.00, 0.00, 0.08, 0.04, 1.01, 0.17, 0.01, 0.06, 1.28, 0.12, 0.11, 0.71, 0.95, 0.49, 0.00, 0.00, 0.00, 1.00, 0.00, 0.00, 0.00, 1.00, 0.00, 1.00, 0.00, 1.00, 0.00, 0.00, 1.00, 1.00, 0.00, 0.00
216, 0, 21.500, 0.98, 1, 0.00, 0.00, 0.00, 0.00, 0.00, 0.15, 0.22, 1.44, 0.33, 0.00, 0.00, 1.02, 0.00, 0.00, 1.58, 1.50, 0.58, 0.00, 0.00, 0.00, 1.00, 0.00, 0.00, 0.00, 1.00, 0.00, 1.00, 0.00, 1.00, 0.00, 0.00, 1.00, 1.00, 0.00, 0.00
217, 0, 21.600, 0.98, 1, 0.00, 0.00, 0.00, 0.00, 0.07, 0.45, 0.44, 1.79, 0.61, 0.00, 0.00, 1.03, 0.04, 0.00, 2.35, 1.76, 0.57, 0.00, 0.00, 0.00, 1.00, 0.00, 0.00, 0.00, 1.00, 0.00, 1.00, 1.00, 1.00, 0.00, 0.00, 0.00, 0.00, 0.00, 0.00
218, 0, 21.700, 0.98, 1, 0.00, 0.00, 0.00, 0.00, 0.07, 0.55, 0.58, 1.62, 0.57, 0.00, 0.14, 1.02, 0.08, 0.03, 2.04, 1.01, 0.63, 0.00, 0.00, 0.00, 1.00, 0.00, 0.00, 0.00, 1.00, 0.00, 1.00, 1.00, 1.00, 0.00, 0.00, 1.00, 1.00, 0.00, 0.00
219, 0, 21.800, 0.93, 1, 0.00, 0.00, 0.00, 0.00, 0.07, 0.41, 0.40, 1.12, 0.37, 0.00, 0.29, 1.25, 0.08, 0.18, 1.17, 1.05, 0.60, 0.00, 0.00, 0.00, 1.00, 0.00, 0.00, 0.00, 1.00, 0.00, 0.00, 1.00, 1.00, 0.00, 0.00, 1.00, 1.00, 0.00, 0.00
220, 0, 21.900, 0.98, 1, 0.00, 0.00, 0.00, 0.00, 0.00, 0.11, 0.24, 0.90, 0.10, 0.10, 0.29, 1.68, 0.26, 0.18, 0.86, 1.62, 0.50, 0.00, 0.00, 0.00, 0.00, 0.00, 0.00, 0.00, 1.00, 0.00, 1.00, 1.00, 1.00, 0.00, 0.00, 1.00, 1.00, 0.00, 0.00
221, 0, 22.000, 0.98, 1, 0.00, 0.00, 0.00, 0.00, 0.00, 0.00, 0.10, 1.03, 0.09, 0.10, 0.15, 2.08, 0.22, 0.15, 1.28, 2.78, 0.28, 0.00, 0.00, 0.00, 0.00, 0.00, 0.00, 0.00, 1.00, 0.00, 1.00, 1.00, 1.00, 0.00, 0.00, 1.00, 1.00, 0.00, 0.00
222, 0, 22.100, 0.98, 1, 0.02, 0.00, 0.00, 0.00, 0.00, 0.03, 0.10, 1.06, 0.09, 0.10, 0.00, 1.93, 0.22, 0.01, 1.50, 2.95, 0.20, 0.00, 0.00, 0.00, 0.00, 0.00, 0.00, 0.00, 1.00, 0.00, 1.00, 1.00, 1.00, 0.00, 0.00, 0.00, 1.00, 0.00, 0.00
223, 0, 22.200, 0.98, 1, 0.02, 0.02, 0.00, 0.00, 0.00, 0.09, 0.11, 1.12, 0.09, 0.01, 0.00, 1.58, 0.21, 0.01, 1.75, 2.87, 0.14, 0.00, 0.00, 0.00, 0.00, 0.00, 0.00, 0.00, 1.00, 0.00, 1.00, 1.00, 1.00, 0.00, 0.00, 1.00, 1.00, 0.00, 0.00
224, 0, 22.300, 0.98, 1, 0.02, 0.02, 0.00, 0.00, 0.00, 0.09, 0.29, 0.94, 0.03, 0.07, 0.11, 1.23, 0.21, 0.01, 1.38, 1.85, 0.10, 0.00, 0.00, 0.00, 0.00, 0.00, 0.00, 0.00, 1.00, 0.00, 1.00, 1.00, 1.00, 0.00, 0.00, 1.00, 1.00, 0.00, 0.00
225, 0, 22.400, 0.98, 1, 0.00, 0.01, 0.00, 0.00, 0.00, 0.15, 0.49, 1.08, 0.08, 0.07, 0.11, 1.07, 0.21, 0.00, 1.68, 1.05, 0.00, 0.00, 0.00, 0.00, 0.00, 0.00, 0.00, 0.00, 1.00, 0.00, 1.00, 1.00, 1.00, 0.00, 0.00, 1.00, 1.00, 0.00, 0.00
226, 0, 22.500, 0.98, 1, 0.00, 0.00, 0.00, 0.00, 0.00, 0.12, 0.61, 1.15, 0.16, 0.07, 0.11, 0.86, 0.00, 0.00, 1.51, 0.50, 0.12, 0.00, 0.00, 0.00, 0.00, 0.00, 0.00, 0.00, 1.00, 0.00, 1.00, 1.00, 1.00, 0.00, 0.00, 1.00, 1.00, 0.00, 0.00
227, 0, 22.600, 0.98, 1, 0.00, 0.00, 0.00, 0.00, 0.00, 0.14, 0.40, 1.04, 0.16, 0.00, 0.13, 0.98, 0.26, 0.13, 1.24, 0.79, 0.27, 0.00, 0.00, 0.00, 0.00, 0.00, 0.00, 0.00, 1.00, 0.00, 1.00, 1.00, 1.00, 0.00, 0.00, 1.00, 0.00, 0.00, 0.00
228, 0, 22.700, 0.98, 1, 0.00, 0.00, 0.00, 0.00, 0.03, 0.36, 0.25, 1.11, 0.16, 0.11, 0.13, 1.01, 1.07, 0.15, 0.92, 1.58, 0.27, 0.00, 0.00, 0.00, 0.00, 0.00, 0.00, 0.00, 1.00, 0.00, 1.00, 0.00, 1.00, 0.00, 0.00, 1.00, 0.00, 0.00, 0.00
229, 0, 22.800, 0.98, 1, 0.00, 0.00, 0.00, 0.00, 0.36, 0.70, 0.22, 1.15, 0.46, 0.39, 0.13, 0.86, 1.22, 0.15, 0.76, 1.21, 0.39, 0.00, 0.00, 0.00, 0.00, 0.00, 0.00, 1.00, 1.00, 0.00, 1.00, 0.00, 0.00, 0.00, 0.00, 1.00, 0.00, 0.00, 0.00
230, 0, 22.900, 0.98, 1, 0.00, 0.00, 0.00, 0.00, 0.55, 0.91, 0.55, 1.53, 0.87, 0.39, 0.00, 0.33, 0.96, 0.02, 1.47, 0.78, 0.42, 0.00, 0.00, 0.00, 0.00, 1.00, 0.00, 1.00, 1.00, 0.00, 1.00, 0.00, 0.00, 0.00, 0.00, 1.00, 0.00, 0.00, 0.00
231, 0, 23.000, 0.93, 1, 0.00, 0.00, 0.01, 0.00, 0.68, 0.93, 0.86, 1.61, 1.16, 0.27, 0.00, 0.00, 0.15, 0.00, 1.95, 0.00, 0.66, 0.00, 0.00, 1.00, 0.00, 1.00, 0.00, 1.00, 1.00, 1.00, 1.00, 0.00, 0.00, 0.00, 0.00, 1.00, 0.00, 0.00, 0.00
232, 0, 23.100, 0.93, 1, 0.00, 0.00, 0.01, 0.00, 0.49, 0.86, 0.99, 1.47, 1.13, 0.02, 0.00, 0.00, 0.00, 0.00, 2.10, 0.00, 0.67, 0.00, 0.00, 1.00, 0.00, 1.00, 0.00, 1.00, 1.00, 1.00, 1.00, 0.00, 0.00, 0.00, 0.00, 1.00, 0.00, 0.00, 0.00
233, 0, 23.200, 0.93, 1, 0.00, 0.00, 0.02, 0.00, 0.43, 0.92, 1.01, 1.33, 1.08, 0.02, 0.00, 0.00, 0.00, 0.00, 2.15, 0.00, 0.74, 0.00, 0.00, 1.00, 0.00, 1.00, 0.00, 1.00, 1.00, 1.00, 1.00, 0.00, 0.00, 0.00, 0.00, 1.00, 0.00, 0.00, 0.00
234, 0, 23.300, 0.93, 1, 0.00, 0.00, 0.01, 0.00, 0.39, 0.86, 1.00, 1.31, 1.10, 0.02, 0.00, 0.00, 0.00, 0.00, 2.20, 0.00, 0.66, 0.00, 0.00, 1.00, 0.00, 1.00, 0.00, 1.00, 1.00, 1.00, 1.00, 0.00, 0.00, 0.00, 0.00, 1.00, 0.00, 0.00, 0.00
235, 0, 23.400, 0.93, 1, 0.23, 0.00, 0.01, 0.03, 0.24, 0.70, 0.68, 1.32, 0.91, 0.00, 0.00, 0.23, 0.00, 0.00, 2.22, 0.52, 0.62, 0.00, 0.00, 1.00, 0.00, 1.00, 0.00, 1.00, 1.00, 1.00, 1.00, 0.00, 0.00, 0.00, 0.00, 1.00, 0.00, 0.00, 0.00
236, 0, 23.500, 0.93, 1, 0.29, 0.00, 0.00, 0.12, 0.40, 0.92, 0.34, 1.47, 0.93, 0.44, 0.00, 0.33, 0.40, 0.00, 2.28, 0.95, 0.54, 0.00, 0.00, 0.00, 0.00, 1.00, 0.00, 0.00, 1.00, 1.00, 1.00, 0.00, 0.00, 0.00, 0.00, 1.00, 0.00, 0.00, 0.00
237, 0, 23.600, 0.93, 1, 0.29, 0.00, 0.11, 0.12, 0.41, 1.16, 0.00, 1.03, 0.61, 0.80, 0.00, 0.99, 0.81, 0.00, 2.18, 1.91, 0.37, 0.00, 0.00, 0.00, 0.00, 1.00, 1.00, 0.00, 1.00, 0.00, 1.00, 0.00, 0.00, 0.00, 0.00, 1.00, 0.00, 0.00, 0.00
238, 0, 23.700, 0.98, 1, 0.10, 0.00, 0.11, 0.09, 0.41, 1.42, 0.00, 0.57, 0.43, 0.80, 0.00, 1.67, 0.81, 0.25, 1.44, 1.94, 0.17, 0.00, 0.00, 0.00, 0.00, 1.00, 1.00, 0.00, 1.00, 0.00, 1.00, 0.00, 1.00, 0.00, 0.00, 1.00, 0.00, 0.00, 0.00
239, 0, 23.800, 0.98, 1, 0.04, 0.00, 0.11, 0.00, 0.11, 1.30, 0.00, 0.01, 0.06, 0.36, 0.00, 2.11, 0.41, 0.25, 0.69, 1.97, 0.00, 0.00, 0.00, 0.00, 0.00, 1.00, 1.00, 0.00, 1.00, 0.00, 1.00, 0.00, 1.00, 1.00, 0.00, 1.00, 1.00, 0.00, 0.00
240, 0, 23.900, 0.98, 1, 0.17, 0.00, 0.09, 0.00, 0.20, 1.08, 0.00, 0.30, 0.13, 0.76, 0.00, 2.08, 0.37, 0.25, 0.67, 1.67, 0.13, 0.00, 0.00, 0.00, 0.00, 1.00, 1.00, 0.00, 1.00, 0.00, 1.00, 0.00, 1.00, 1.00, 0.00, 1.00, 1.00, 0.00, 0.00
241, 0, 24.000, 0.93, 1, 0.22, 0.00, 0.24, 0.00, 0.41, 0.93, 0.00, 0.58, 0.17, 1.42, 0.00, 1.85, 0.62, 0.00, 1.28, 2.06, 0.13, 0.00, 0.00, 0.00, 0.00, 1.00, 1.00, 0.00, 1.00, 0.00, 1.00, 0.00, 1.00, 0.00, 0.00, 1.00, 0.00, 0.00, 0.00
242, 0, 24.100, 0.93, 1, 0.51, 0.07, 0.27, 0.00, 0.41, 0.56, 0.00, 0.58, 0.28, 1.42, 0.00, 2.20, 0.62, 0.00, 1.76, 2.40, 0.13, 0.00, 0.00, 0.00, 0.00, 1.00, 1.00, 0.00, 1.00, 0.00, 1.00, 0.00, 1.00, 0.00, 0.00, 1.00, 0.00, 0.00, 0.00
243, 0, 24.200, 0.98, 1, 0.50, 0.07, 0.19, 0.00, 0.20, 0.38, 0.00, 0.28, 0.20, 0.66, 0.00, 2.32, 0.26, 0.06, 1.17, 1.98, 0.00, 0.00, 0.00, 0.00, 0.00, 1.00, 1.00, 0.00, 1.00, 0.00, 1.00, 0.00, 1.00, 1.00, 0.00, 1.00, 0.00, 0.00, 0.00
244, 0, 24.300, 0.98, 1, 0.57, 0.07, 0.07, 0.00, 0.17, 0.36, 0.00, 0.50, 0.34, 0.38, 0.00, 2.07, 0.35, 0.06, 1.28, 1.47, 0.00, 1.00, 0.00, 0.00, 0.00, 1.00, 1.00, 0.00, 1.00, 0.00, 1.00, 0.00, 1.00, 1.00, 0.00, 1.00, 0.00, 0.00, 0.00
245, 0, 24.400, 0.93, 1, 0.44, 0.01, 0.22, 0.00, 0.49, 0.64, 0.03, 1.11, 0.47, 0.94, 0.00, 1.74, 0.76, 0.06, 1.61, 1.49, 0.00, 1.00, 0.00, 0.00, 0.00, 1.00, 1.00, 0.00, 1.00, 0.00, 1.00, 0.00, 1.00, 1.00, 0.00, 1.00, 0.00, 0.00, 0.00
246, 0, 24.500, 0.93, 1, 0.48, 0.00, 0.29, 0.00, 0.67, 0.83, 0.05, 1.73, 0.67, 1.18, 0.00, 1.79, 0.99, 0.00, 2.05, 1.81, 0.00, 1.00, 0.00, 0.00, 0.00, 1.00, 1.00, 0.00, 1.00, 0.00, 1.00, 1.00, 1.00, 1.00, 0.00, 1.00, 0.00, 0.00, 0.00
247, 0, 24.600, 0.98, 1, 0.38, 0.00, 0.25, 0.03, 0.63, 0.74, 0.05, 1.80, 0.69, 1.00, 0.00, 2.13, 0.84, 0.07, 1.52, 1.69, 0.00, 1.00, 0.00, 0.00, 0.00, 1.00, 1.00, 0.00, 1.00, 0.00, 1.00, 1.00, 1.00, 1.00, 0.00, 0.00, 0.00, 0.00, 0.00
248, 0, 24.700, 0.98, 1, 0.41, 0.00, 0.15, 0.03, 0.46, 0.68, 0.02, 1.64, 0.58, 0.68, 0.00, 2.39, 0.67, 0.11, 0.82, 1.24, 0.00, 1.00, 0.00, 0.00, 0.00, 1.00, 1.00, 0.00, 1.00, 0.00, 1.00, 1.00, 1.00, 1.00, 0.00, 1.00, 0.00, 0.00, 0.00
249, 0, 24.800, 0.98, 1, 0.43, 0.02, 0.15, 0.03, 0.43, 0.57, 0.00, 1.55, 0.53, 0.67, 0.00, 2.43, 0.63, 0.20, 0.57, 1.04, 0.00, 1.00, 0.00, 0.00, 0.00, 1.00, 1.00, 0.00, 1.00, 0.00, 1.00, 1.00, 1.00, 1.00, 0.00, 1.00, 0.00, 0.00, 0.00
250, 0, 24.900, 0.98, 1, 0.49, 0.02, 0.18, 0.00, 0.37, 0.57, 0.00, 1.54, 0.53, 0.78, 0.00, 2.30, 0.43, 0.13, 0.58, 1.23, 0.00, 1.00, 0.00, 0.00, 0.00, 1.00, 1.00, 0.00, 1.00, 0.00, 1.00, 1.00, 1.00, 0.00, 0.00, 1.00, 0.00, 0.00, 0.00
251, 0, 25.000, 0.98, 1, 0.35, 0.02, 0.16, 0.06, 0.34, 0.58, 0.00, 1.67, 0.58, 0.84, 0.00, 2.01, 0.21, 0.09, 0.92, 1.45, 0.00, 1.00, 0.00, 0.00, 0.00, 1.00, 1.00, 0.00, 1.00, 1.00, 1.00, 1.00, 1.00, 0.00, 0.00, 1.00, 0.00, 0.00, 0.00
252, 0, 25.100, 0.98, 1, 0.30, 0.00, 0.11, 0.25, 0.28, 0.60, 0.05, 1.73, 0.68, 0.91, 0.00, 1.56, 0.02, 0.00, 1.58, 1.57, 0.02, 1.00, 0.00, 0.00, 0.00, 1.00, 1.00, 0.00, 1.00, 1.00, 1.00, 1.00, 1.00, 0.00, 0.00, 1.00, 1.00, 0.00, 0.00
253, 0, 25.200, 0.98, 1, 0.24, 0.00, 0.09, 0.46, 0.23, 0.70, 0.05, 1.55, 0.88, 0.61, 0.00, 1.09, 0.02, 0.00, 2.27, 1.34, 0.04, 1.00, 0.00, 0.00, 0.00, 0.00, 1.00, 0.00, 1.00, 1.00, 1.00, 0.00, 1.00, 0.00, 0.00, 1.00, 1.00, 0.00, 0.00
254, 0, 25.300, 0.98, 1, 0.36, 0.03, 0.03, 0.40, 0.17, 0.72, 0.13, 1.44, 1.03, 0.52, 0.00, 0.74, 0.00, 0.00, 2.80, 0.95, 0.04, 1.00, 1.00, 0.00, 0.00, 0.00, 1.00, 0.00, 1.00, 1.00, 1.00, 0.00, 1.00, 0.00, 0.00, 1.00, 1.00, 0.00, 0.00
255, 0, 25.400, 0.98, 1, 0.45, 0.17, 0.00, 0.21, 0.19, 0.84, 0.14, 1.29, 1.10, 0.42, 0.00, 0.44, 0.00, 0.00, 2.93, 0.76, 0.03, 1.00, 1.00, 0.00, 0.00, 0.00, 1.00, 0.00, 1.00, 0.00, 1.00, 0.00, 1.00, 0.00, 0.00, 1.00, 1.00, 0.00, 0.00
256, 0, 25.500, 0.98, 1, 0.84, 0.38, 0.04, 0.00, 0.17, 0.70, 0.14, 1.38, 0.90, 0.60, 0.00, 0.68, 0.01, 0.00, 2.63, 1.30, 0.01, 1.00, 1.00, 0.00, 0.00, 0.00, 1.00, 0.00, 1.00, 0.00, 1.00, 0.00, 1.00, 0.00, 0.00, 1.00, 1.00, 0.00, 0.00
257, 0, 25.600, 0.98, 1, 1.01, 0.56, 0.04, 0.00, 0.12, 0.45, 0.05, 0.92, 0.55, 0.39, 0.00, 0.89, 0.01, 0.00, 1.57, 1.24, 0.01, 1.00, 1.00, 0.00, 0.00, 0.00, 1.00, 0.00, 1.00, 0.00, 1.00, 0.00, 1.00, 0.00, 0.00, 1.00, 1.00, 0.00, 0.00
258, 0, 25.700, 0.98, 1, 1.10, 0.53, 0.04, 0.00, 0.00, 0.13, 0.00, 0.52, 0.21, 0.18, 0.00, 1.33, 0.01, 0.00, 0.58, 1.49, 0.00, 1.00, 1.00, 0.00, 0.00, 0.00, 1.00, 0.00, 1.00, 0.00, 1.00, 0.00, 1.00, 0.00, 0.00, 1.00, 1.00, 0.00, 0.00
259, 0, 25.800, 0.98, 1, 0.66, 0.31, 0.00, 0.00, 0.00, 0.11, 0.00, 0.39, 0.08, 0.08, 0.00, 1.76, 0.04, 0.00, 0.44, 1.87, 0.00, 1.00, 1.00, 0.00, 0.00, 0.00, 1.00, 0.00, 1.00, 0.00, 1.00, 0.00, 1.00, 0.00, 0.00, 1.00, 1.00, 0.00, 0.00
260, 0, 25.900, 0.98, 1, 0.43, 0.11, 0.00, 0.00, 0.00, 0.29, 0.00, 0.56, 0.09, 0.08, 0.00, 2.20, 0.04, 0.00, 0.45, 2.23, 0.09, 1.00, 1.00, 0.00, 0.00, 0.00, 1.00, 0.00, 1.00, 0.00, 1.00, 0.00, 1.00, 0.00, 0.00, 1.00, 1.00, 0.00, 0.00
261, 0, 26.000, 0.98, 1, 0.13, 0.00, 0.01, 0.00, 0.15, 0.56, 0.00, 0.83, 0.30, 0.08, 0.00, 1.99, 0.07, 0.00, 1.17, 2.52, 0.16, 1.00, 0.00, 0.00, 0.00, 0.00, 1.00, 0.00, 1.00, 0.00, 1.00, 0.00, 1.00, 0.00, 0.00, 1.00, 1.00, 0.00, 1.00
262, 0, 26.100, 0.98, 1, 0.13, 0.00, 0.04, 0.00, 0.24, 0.66, 0.00, 0.83, 0.35, 0.00, 0.00, 1.62, 0.17, 0.00, 1.24, 1.93, 0.16, 0.00, 0.00, 0.00, 0.00, 1.00, 1.00, 0.00, 1.00, 0.00, 1.00, 0.00, 1.00, 0.00, 0.00, 1.00, 1.00, 0.00, 1.00
263, 0, 26.200, 0.98, 1, 0.04, 0.00, 0.04, 0.00, 0.35, 0.64, 0.11, 0.92, 0.61, 0.00, 0.00, 1.12, 0.17, 0.00, 2.00, 1.41, 0.07, 0.00, 0.00, 0.00, 0.00, 1.00, 1.00, 0.00, 1.00, 0.00, 1.00, 0.00, 1.00, 0.00, 0.00, 1.00, 1.00, 0.00, 1.00
264, 0, 26.300, 0.93, 1, 0.04, 0.00, 0.05, 0.00, 0.54, 0.67, 0.29, 0.95, 0.69, 0.31, 0.00, 1.16, 0.14, 0.00, 2.02, 0.60, 0.00, 0.00, 0.00, 0.00, 0.00, 1.00, 1.00, 0.00, 1.00, 0.00, 1.00, 0.00, 1.00, 0.00, 0.00, 1.00, 1.00, 0.00, 1.00
265, 0, 26.400, 0.93, 1, 0.01, 0.00, 0.03, 0.00, 0.88, 0.88, 0.49, 0.98, 0.82, 0.72, 0.00, 1.10, 0.04, 0.00, 2.37, 0.41, 0.00, 0.00, 0.00, 0.00, 0.00, 1.00, 1.00, 0.00, 1.00, 0.00, 1.00, 0.00, 1.00, 0.00, 0.00, 1.00, 1.00, 0.00, 1.00
266, 0, 26.500, 0.93, 1, 0.04, 0.00, 0.05, 0.00, 0.88, 0.95, 0.50, 1.07, 0.56, 0.72, 0.00, 1.06, 0.04, 0.00, 2.40, 0.88, 0.00, 0.00, 0.00, 0.00, 0.00, 1.00, 1.00, 0.00, 1.00, 0.00, 1.00, 0.00, 1.00, 0.00, 0.00, 1.00, 0.00, 0.00, 1.00
267, 0, 26.600, 0.98, 1, 0.20, 0.00, 0.03, 0.00, 0.54, 0.70, 0.31, 0.71, 0.26, 0.41, 0.00, 1.29, 0.04, 0.00, 1.66, 1.04, 0.00, 0.00, 0.00, 0.00, 0.00, 1.00, 1.00, 0.00, 1.00, 0.00, 1.00, 0.00, 1.00, 0.00, 0.00, 1.00, 0.00, 0.00, 0.00
268, 0, 26.700, 0.98, 1, 1.24, 0.62, 0.02, 0.25, 0.11, 0.47, 0.12, 0.39, 0.34, 0.00, 0.01, 1.16, 0.01, 0.00, 0.93, 0.89, 0.00, 1.00, 0.00, 0.00, 0.00, 0.00, 1.00, 0.00, 1.00, 0.00, 1.00, 0.00, 1.00, 0.00, 0.00, 0.00, 0.00, 0.00, 0.00
269, 0, 26.800, 0.98, 1, 2.39, 1.20, 0.00, 0.76, 0.00, 0.23, 0.00, 0.04, 0.45, 0.00, 0.01, 1.13, 0.01, 0.00, 0.39, 0.59, 0.00, 1.00, 1.00, 0.00, 0.00, 0.00, 1.00, 0.00, 1.00, 0.00, 0.00, 0.00, 1.00, 0.00, 0.00, 0.00, 1.00, 0.00, 0.00
270, 0, 26.900, 0.98, 1, 3.23, 1.70, 0.00, 0.97, 0.00, 0.19, 0.00, 0.04, 0.57, 0.00, 0.10, 1.12, 0.01, 0.00, 0.39, 1.16, 0.00, 1.00, 1.00, 0.00, 0.00, 0.00, 1.00, 0.00, 1.00, 0.00, 0.00, 0.00, 1.00, 0.00, 0.00, 0.00, 1.00, 0.00, 0.00
271, 0, 27.000, 0.98, 1, 2.87, 1.54, 0.00, 0.72, 0.00, 0.12, 0.00, 0.23, 0.40, 0.00, 0.08, 1.08, 0.00, 0.00, 0.69, 1.71, 0.00, 1.00, 1.00, 0.00, 0.00, 0.00, 1.00, 0.00, 1.00, 0.00, 0.00, 0.00, 1.00, 0.00, 0.00, 0.00, 1.00, 0.00, 0.00
272, 0, 27.100, 0.93, 1, 2.24, 1.33, 0.00, 0.21, 0.00, 0.31, 0.00, 0.41, 0.39, 0.00, 0.08, 1.22, 0.00, 0.00, 0.88, 1.97, 0.00, 1.00, 1.00, 0.00, 0.00, 0.00, 1.00, 0.00, 1.00, 0.00, 0.00, 0.00, 1.00, 0.00, 0.00, 1.00, 1.00, 0.00, 0.00
273, 0, 27.200, 0.93, 1, 1.92, 1.34, 0.00, 0.09, 0.00, 0.45, 0.00, 0.44, 0.26, 0.00, 0.00, 1.21, 0.00, 0.00, 1.53, 2.40, 0.11, 1.00, 1.00, 0.00, 0.00, 0.00, 1.00, 0.00, 0.00, 0.00, 0.00, 0.00, 1.00, 0.00, 0.00, 1.00, 1.00, 0.00, 0.00
274, 0, 27.300, 0.93, 1, 1.78, 1.42, 0.00, 0.09, 0.00, 0.38, 0.00, 0.20, 0.16, 0.00, 0.19, 1.89, 0.00, 0.02, 1.13, 2.51, 0.11, 1.00, 1.00, 0.00, 0.00, 0.00, 1.00, 0.00, 1.00, 0.00, 0.00, 0.00, 1.00, 0.00, 0.00, 1.00, 1.00, 0.00, 0.00
275, 0, 27.400, 0.93, 1, 1.53, 1.44, 0.00, 0.09, 0.00, 0.35, 0.00, 0.02, 0.15, 0.00, 0.36, 2.53, 0.00, 0.02, 0.97, 2.90, 0.11, 1.00, 1.00, 0.00, 0.00, 0.00, 1.00, 0.00, 1.00, 0.00, 0.00, 0.00, 1.00, 0.00, 0.00, 1.00, 1.00, 0.00, 0.00
276, 0, 27.500, 0.98, 1, 1.14, 1.11, 0.05, 0.00, 0.19, 0.64, 0.00, 0.30, 0.42, 0.30, 0.36, 2.53, 0.00, 0.02, 1.24, 2.84, 0.00, 1.00, 1.00, 0.00, 0.00, 0.00, 1.00, 0.00, 1.00, 0.00, 1.00, 0.00, 1.00, 0.00, 0.00, 1.00, 1.00, 0.00, 0.00
277, 0, 27.600, 0.93, 1, 0.61, 0.57, 0.17, 0.00, 0.61, 1.04, 0.16, 0.64, 0.63, 0.99, 0.17, 2.21, 0.21, 0.00, 1.73, 2.74, 0.00, 1.00, 1.00, 0.00, 0.00, 0.00, 1.00, 0.00, 1.00, 0.00, 1.00, 0.00, 1.00, 0.00, 0.00, 1.00, 1.00, 0.00, 0.00
278, 0, 27.700, 0.93, 1, 0.46, 0.35, 0.23, 0.00, 0.73, 1.27, 0.18, 0.76, 0.82, 1.22, 0.00, 1.96, 0.31, 0.15, 1.45, 1.91, 0.00, 1.00, 1.00, 0.00, 0.00, 0.00, 1.00, 0.00, 1.00, 0.00, 1.00, 0.00, 1.00, 0.00, 1.00, 1.00, 1.00, 0.00, 0.00
279, 0, 27.800, 0.98, 1, 0.28, 0.36, 0.20, 0.00, 0.54, 1.03, 0.18, 0.52, 0.62, 0.92, 0.00, 1.77, 0.31, 0.15, 0.74, 0.82, 0.00, 1.00, 1.00, 0.00, 0.00, 1.00, 1.00, 0.00, 1.00, 1.00, 1.00, 0.00, 1.00, 0.00, 1.00, 1.00, 1.00, 0.00, 0.00
280, 0, 27.900, 0.98, 1, 0.46, 0.48, 0.08, 0.00, 0.12, 0.79, 0.02, 0.22, 0.34, 0.23, 0.00, 1.46, 0.10, 0.15, 0.63, 0.07, 0.00, 1.00, 0.00, 0.00, 0.00, 1.00, 1.00, 0.00, 1.00, 1.00, 1.00, 0.00, 1.00, 0.00, 1.00, 1.00, 1.00, 0.00, 0.00
281, 0, 28.000, 0.98, 1, 0.31, 0.32, 0.02, 0.00, 0.37, 0.91, 0.21, 0.53, 0.43, 0.22, 0.00, 1.08, 0.02, 0.00, 1.30, 0.07, 0.20, 0.00, 0.00, 0.00, 0.00, 1.00, 1.00, 0.00, 1.00, 1.00, 1.00, 0.00, 1.00, 0.00, 1.00, 1.00, 1.00, 0.00, 0.00
282, 0, 28.100, 0.88, 1, 0.20, 0.12, 0.01, 0.00, 0.66, 1.09, 0.38, 0.91, 0.67, 0.50, 0.00, 1.14, 0.23, 0.00, 1.77, 0.24, 0.56, 0.00, 0.00, 0.00, 0.00, 0.00, 1.00, 0.00, 1.00, 1.00, 1.00, 0.00, 1.00, 0.00, 1.00, 1.00, 1.00, 0.00, 1.00
283, 0, 28.200, 0.93, 1, 0.00, 0.00, 0.01, 0.00, 0.66, 1.04, 0.38, 0.86, 0.76, 0.50, 0.00, 1.63, 0.24, 0.16, 1.35, 0.57, 0.89, 0.00, 0.00, 0.00, 0.00, 0.00, 1.00, 0.00, 1.00, 1.00, 1.00, 0.00, 1.00, 0.00, 1.00, 1.00, 1.00, 0.00, 1.00
284, 0, 28.300, 0.98, 1, 0.02, 0.00, 0.07, 0.00, 0.30, 0.83, 0.17, 0.43, 0.45, 0.28, 0.00, 2.04, 0.22, 0.16, 0.68, 1.02, 1.03, 0.00, 0.00, 0.00, 0.00, 1.00, 1.00, 0.00, 1.00, 1.00, 1.00, 0.00, 1.00, 0.00, 1.00, 1.00, 1.00, 0.00, 1.00
285, 0, 28.400, 0.98, 1, 0.02, 0.00, 0.12, 0.00, 0.26, 1.02, 0.06, 0.29, 0.34, 0.27, 0.00, 2.39, 0.24, 0.16, 0.38, 1.44, 0.88, 0.00, 0.00, 0.00, 0.00, 1.00, 1.00, 1.00, 1.00, 1.00, 1.00, 0.00, 1.00, 0.00, 1.00, 1.00, 1.00, 0.00, 1.00
286, 0, 28.500, 0.88, 1, 0.02, 0.00, 0.14, 0.00, 0.49, 1.46, 0.13, 0.75, 0.60, 0.27, 0.00, 2.13, 0.22, 0.00, 0.72, 1.50, 0.68, 0.00, 0.00, 0.00, 0.00, 1.00, 1.00, 0.00, 1.00, 1.00, 1.00, 0.00, 1.00, 1.00, 1.00, 1.00, 1.00, 0.00, 1.00
287, 0, 28.600, 0.93, 1, 0.00, 0.00, 0.08, 0.00, 0.87, 1.83, 0.14, 1.08, 1.08, 0.36, 0.00, 1.45, 0.38, 0.00, 1.09, 1.18, 0.40, 0.00, 0.00, 0.00, 0.00, 1.00, 1.00, 0.00, 1.00, 1.00, 1.00, 0.00, 1.00, 1.00, 1.00, 1.00, 1.00, 0.00, 1.00
288, 0, 28.700, 0.98, 1, 0.00, 0.15, 0.02, 0.10, 1.03, 1.61, 0.08, 1.05, 1.29, 0.64, 0.08, 1.03, 0.54, 0.37, 0.96, 0.58, 0.19, 0.00, 0.00, 0.00, 0.00, 1.00, 1.00, 0.00, 1.00, 1.00, 1.00, 0.00, 1.00, 1.00, 1.00, 1.00, 1.00, 0.00, 0.00
289, 0, 28.800, 0.88, 1, 0.00, 0.25, 0.00, 0.18, 1.02, 1.21, 0.02, 0.81, 1.27, 1.12, 0.09, 0.88, 0.78, 0.41, 0.84, 0.13, 0.06, 0.00, 0.00, 0.00, 0.00, 1.00, 1.00, 0.00, 1.00, 1.00, 1.00, 0.00, 1.00, 1.00, 1.00, 1.00, 1.00, 0.00, 0.00
290, 0, 28.900, 0.88, 1, 0.00, 0.26, 0.05, 0.24, 0.67, 0.82, 0.00, 0.72, 0.96, 1.17, 0.09, 1.53, 0.62, 0.41, 0.94, 0.56, 0.05, 0.00, 0.00, 0.00, 0.00, 1.00, 1.00, 0.00, 1.00, 1.00, 1.00, 0.00, 1.00, 1.00, 1.00, 1.00, 0.00, 0.00, 0.00
291, 0, 29.000, 0.93, 1, 0.00, 0.12, 0.08, 0.17, 0.30, 0.83, 0.02, 0.49, 0.71, 0.72, 0.01, 1.88, 0.30, 0.12, 0.72, 0.82, 0.05, 0.00, 0.00, 0.00, 0.00, 1.00, 1.00, 0.00, 1.00, 1.00, 1.00, 0.00, 1.00, 1.00, 1.00, 1.00, 0.00, 0.00, 0.00
292, 0, 29.100, 0.93, 1, 0.00, 0.08, 0.09, 0.09, 0.16, 0.98, 0.02, 0.27, 0.56, 0.42, 0.00, 2.16, 0.20, 0.20, 0.50, 1.04, 0.05, 0.00, 0.00, 0.00, 0.00, 1.00, 1.00, 0.00, 1.00, 1.00, 1.00, 0.00, 1.00, 1.00, 1.00, 1.00, 0.00, 0.00, 0.00
293, 0, 29.200, 0.93, 1, 0.00, 0.12, 0.07, 0.08, 0.27, 1.10, 0.02, 0.03, 0.61, 0.64, 0.00, 2.01, 0.39, 0.40, 0.03, 0.52, 0.00, 0.00, 0.00, 0.00, 0.00, 1.00, 1.00, 0.00, 1.00, 1.00, 1.00, 0.00, 1.00, 1.00, 1.00, 0.00, 0.00, 0.00, 0.00
294, 0, 29.300, 0.93, 1, 0.00, 0.11, 0.10, 0.07, 0.37, 1.14, 0.00, 0.00, 0.70, 0.97, 0.00, 1.97, 0.53, 0.53, 0.00, 0.28, 0.00, 0.00, 0.00, 0.00, 0.00, 1.00, 1.00, 0.00, 1.00, 1.00, 1.00, 0.00, 1.00, 1.00, 1.00, 0.00, 0.00, 0.00, 0.00
295, 0, 29.400, 0.93, 1, 0.00, 0.05, 0.20, 0.14, 0.43, 1.12, 0.00, 0.00, 0.74, 1.21, 0.00, 1.92, 0.59, 0.59, 0.00, 0.18, 0.00, 0.00, 0.00, 0.00, 0.00, 1.00, 1.00, 0.00, 1.00, 1.00, 1.00, 0.00, 1.00, 1.00, 1.00, 0.00, 0.00, 0.00, 0.00
296, 0, 29.500, 0.93, 1, 0.00, 0.00, 0.31, 0.19, 0.43, 1.19, 0.00, 0.00, 0.70, 1.26, 0.00, 1.97, 0.61, 0.58, 0.00, 0.25, 0.00, 0.00, 0.00, 0.00, 0.00, 1.00, 1.00, 0.00, 1.00, 1.00, 1.00, 0.00, 1.00, 1.00, 1.00, 0.00, 0.00, 0.00, 0.00
297, 0, 29.600, 0.93, 1, 0.00, 0.00, 0.39, 0.28, 0.38, 1.14, 0.00, 0.01, 0.64, 1.23, 0.00, 2.01, 0.56, 0.56, 0.00, 0.33, 0.00, 0.00, 0.00, 0.00, 0.00, 1.00, 1.00, 0.00, 1.00, 1.00, 1.00, 0.00, 1.00, 1.00, 1.00, 0.00, 0.00, 0.00, 0.00
298, 0, 29.700, 0.93, 1, 0.00, 0.00, 0.42, 0.31, 0.36, 1.19, 0.00, 0.01, 0.55, 1.07, 0.00, 1.97, 0.66, 0.49, 0.00, 0.21, 0.00, 0.00, 0.00, 0.00, 0.00, 1.00, 1.00, 0.00, 1.00, 1.00, 1.00, 0.00, 1.00, 1.00, 1.00, 0.00, 0.00, 0.00, 0.00
299, 0, 29.800, 0.93, 1, 0.00, 0.00, 0.44, 0.34, 0.34, 0.96, 0.00, 0.10, 0.55, 0.65, 0.00, 1.63, 0.52, 0.31, 0.28, 0.16, 0.12, 0.00, 0.00, 0.00, 0.00, 1.00, 1.00, 0.00, 1.00, 1.00, 1.00, 0.00, 1.00, 1.00, 1.00, 0.00, 0.00, 0.00, 0.00
300, 0, 29.900, 0.98, 1, 0.00, 0.00, 0.40, 0.30, 0.23, 0.91, 0.00, 0.09, 0.44, 0.26, 0.04, 1.62, 0.37, 0.13, 0.28, 0.09, 0.37, 0.00, 0.00, 0.00, 0.00, 1.00, 1.00, 0.00, 1.00, 1.00, 1.00, 0.00, 1.00, 1.00, 1.00, 1.00, 0.00, 0.00, 0.00
301, 0, 30.000, 0.88, 1, 0.00, 0.00, 0.43, 0.20, 0.24, 1.00, 0.00, 0.36, 0.43, 0.18, 0.04, 1.46, 0.43, 0.00, 0.67, 0.27, 0.52, 0.00, 0.00, 0.00, 0.00, 1.00, 1.00, 0.00, 1.00, 1.00, 1.00, 0.00, 1.00, 1.00, 1.00, 1.00, 1.00, 0.00, 0.00
302, 0, 30.100, 0.88, 1, 0.00, 0.00, 0.45, 0.06, 0.45, 1.30, 0.06, 0.53, 0.51, 0.77, 0.04, 1.47, 0.86, 0.01, 0.96, 0.67, 0.45, 0.00, 0.00, 0.00, 0.00, 1.00, 1.00, 0.00, 1.00, 1.00, 1.00, 0.00, 1.00, 1.00, 1.00, 1.00, 1.00, 0.00, 0.00
303, 0, 30.200, 0.88, 1, 0.00, 0.00, 0.49, 0.03, 0.81, 1.66, 0.13, 0.94, 0.79, 1.16, 0.00, 1.05, 1.26, 0.01, 1.31, 0.64, 0.19, 0.00, 0.00, 0.00, 0.00, 1.00, 1.00, 0.00, 1.00, 1.00, 1.00, 0.00, 1.00, 1.00, 1.00, 1.00, 1.00, 0.00, 0.00
304, 0, 30.300, 0.88, 1, 0.00, 0.00, 0.51, 0.08, 0.88, 1.68, 0.17, 1.14, 0.95, 1.33, 0.00, 1.02, 1.21, 0.01, 1.57, 0.69, 0.14, 0.00, 0.00, 0.00, 0.00, 1.00, 1.00, 0.00, 1.00, 1.00, 1.00, 0.00, 1.00, 1.00, 1.00, 1.00, 1.00, 0.00, 0.00
305, 0, 30.400, 0.93, 1, 0.00, 0.00, 0.49, 0.13, 0.59, 1.47, 0.11, 1.05, 0.80, 1.06, 0.00, 1.19, 0.94, 0.00, 1.01, 0.23, 0.14, 0.00, 0.00, 0.00, 0.00, 1.00, 1.00, 0.00, 1.00, 1.00, 1.00, 0.00, 1.00, 1.00, 1.00, 1.00, 1.00, 0.00, 0.00
306, 0, 30.500, 0.98, 1, 0.00, 0.00, 0.41, 0.13, 0.41, 1.14, 0.03, 0.95, 0.66, 0.92, 0.00, 1.29, 0.78, 0.00, 1.18, 0.32, 0.15, 0.00, 0.00, 0.00, 0.00, 1.00, 1.00, 0.00, 1.00, 1.00, 1.00, 0.00, 1.00, 1.00, 1.00, 1.00, 0.00, 0.00, 0.00
307, 0, 30.600, 0.98, 1, 0.00, 0.00, 0.29, 0.07, 0.50, 0.93, 0.01, 0.62, 0.69, 1.04, 0.00, 1.16, 0.73, 0.00, 1.01, 0.09, 0.07, 0.00, 0.00, 0.00, 0.00, 1.00, 1.00, 0.00, 1.00, 1.00, 1.00, 0.00, 1.00, 1.00, 1.00, 1.00, 0.00, 0.00, 0.00
308, 0, 30.700, 0.98, 1, 0.00, 0.00, 0.16, 0.13, 0.71, 0.88, 0.01, 0.55, 0.86, 1.28, 0.00, 0.84, 0.75, 0.00, 1.36, 0.09, 0.01, 0.00, 0.00, 0.00, 0.00, 1.00, 1.00, 0.00, 1.00, 1.00, 1.00, 0.00, 1.00, 1.00, 1.00, 1.00, 0.00, 0.00, 0.00
309, 0, 30.800, 0.98, 1, 0.00, 0.00, 0.20, 0.26, 0.82, 0.90, 0.01, 0.48, 1.04, 1.60, 0.00, 0.82, 0.81, 0.00, 1.52, 0.18, 0.19, 0.00, 0.00, 0.00, 0.00, 1.00, 1.00, 0.00, 1.00, 1.00, 1.00, 0.00, 1.00, 1.00, 1.00, 1.00, 0.00, 0.00, 0.00
310, 0, 30.900, 0.93, 1, 0.00, 0.00, 0.12, 0.30, 0.76, 1.09, 0.00, 0.53, 1.13, 1.59, 0.00, 0.87, 1.00, 0.00, 1.54, 0.19, 0.48, 0.00, 0.00, 0.00, 0.00, 1.00, 1.00, 0.00, 1.00, 1.00, 1.00, 0.00, 1.00, 1.00, 1.00, 1.00, 0.00, 0.00, 0.00
311, 0, 31.000, 0.98, 1, 0.00, 0.00, 0.12, 0.37, 0.51, 1.10, 0.00, 0.50, 0.86, 1.38, 0.14, 1.65, 1.28, 0.12, 1.19, 0.19, 0.80, 0.00, 0.00, 0.00, 0.00, 1.00, 1.00, 0.00, 1.00, 1.00, 1.00, 0.00, 1.00, 1.00, 1.00, 1.00, 0.00, 0.00, 0.00
312, 0, 31.100, 0.93, 1, 0.00, 0.00, 0.04, 0.22, 0.37, 1.22, 0.00, 0.54, 0.65, 1.16, 0.14, 1.96, 1.45, 0.12, 0.54, 0.20, 0.92, 0.00, 0.00, 0.00, 0.00, 0.00, 1.00, 0.00, 1.00, 1.00, 1.00, 0.00, 1.00, 1.00, 1.00, 1.00, 0.00, 0.00, 0.00
313, 0, 31.200, 0.93, 1, 0.00, 0.00, 0.08, 0.18, 0.28, 1.32, 0.03, 0.58, 0.47, 1.10, 0.14, 2.32, 1.33, 0.18, 0.03, 0.27, 0.84, 0.00, 0.00, 0.00, 0.00, 0.00, 1.00, 0.00, 1.00, 1.00, 1.00, 0.00, 1.00, 1.00, 1.00, 0.00, 0.00, 0.00, 0.00
314, 0, 31.300, 0.93, 1, 0.00, 0.00, 0.07, 0.01, 0.35, 1.46, 0.03, 0.57, 0.69, 1.19, 0.00, 2.26, 1.20, 0.33, 0.03, 0.29, 0.66, 0.00, 0.00, 0.00, 0.00, 0.00, 1.00, 0.00, 1.00, 1.00, 1.00, 0.00, 1.00, 1.00, 1.00, 0.00, 0.00, 0.00, 0.00
315, 0, 31.400, 0.93, 1, 0.00, 0.00, 0.14, 0.01, 0.19, 1.37, 0.03, 0.28, 0.51, 0.89, 0.00, 2.56, 0.72, 0.44, 0.00, 0.48, 0.54, 0.00, 0.00, 0.00, 0.00, 0.00, 1.00, 0.00, 1.00, 1.00, 1.00, 0.00, 1.00, 1.00, 1.00, 0.00, 0.00, 0.00, 0.00
316, 0, 31.500, 0.98, 1, 0.00, 0.00, 0.19, 0.01, 0.29, 1.17, 0.09, 0.24, 0.61, 0.79, 0.00, 2.23, 0.78, 0.38, 0.42, 0.80, 0.48, 0.00, 0.00, 0.00, 0.00, 0.00, 1.00, 0.00, 1.00, 1.00, 1.00, 0.00, 1.00, 1.00, 1.00, 1.00, 0.00, 0.00, 0.00
317, 0, 31.600, 0.88, 1, 0.00, 0.00, 0.19, 0.00, 0.62, 1.22, 0.09, 0.52, 0.94, 0.85, 0.00, 1.67, 0.89, 0.16, 1.02, 0.78, 0.45, 0.00, 0.00, 0.00, 0.00, 1.00, 1.00, 0.00, 1.00, 1.00, 1.00, 0.00, 1.00, 1.00, 1.00, 0.00, 0.00, 0.00, 0.00
318, 0, 31.700, 0.98, 1, 0.00, 0.00, 0.10, 0.00, 1.01, 1.29, 0.09, 0.82, 1.47, 1.42, 0.00, 1.12, 1.48, 0.05, 1.82, 0.40, 0.41, 0.00, 0.00, 0.00, 0.00, 1.00, 1.00, 0.00, 1.00, 1.00, 1.00, 0.00, 1.00, 1.00, 1.00, 1.00, 0.00, 0.00, 0.00
319, 0, 31.800, 0.98, 1, 0.00, 0.00, 0.00, 0.01, 0.94, 1.23, 0.00, 0.77, 1.48, 1.55, 0.00, 1.41, 1.54, 0.24, 1.41, 0.00, 0.32, 0.00, 0.00, 0.00, 0.00, 1.00, 1.00, 0.00, 1.00, 1.00, 1.00, 0.00, 1.00, 1.00, 1.00, 1.00, 1.00, 0.00, 0.00
320, 0, 31.900, 0.98, 1, 0.00, 0.00, 0.01, 0.01, 0.54, 0.90, 0.00, 0.44, 0.89, 1.05, 0.00, 1.67, 1.04, 0.18, 0.80, 0.37, 0.25, 0.00, 0.00, 0.00, 0.00, 1.00, 1.00, 0.00, 1.00, 1.00, 1.00, 0.00, 1.00, 1.00, 1.00, 1.00, 1.00, 0.00, 0.00
321, 0, 32.000, 0.98, 1, 0.00, 0.10, 0.08, 0.01, 0.16, 0.79, 0.00, 0.13, 0.34, 0.57, 0.00, 2.07, 0.44, 0.43, 0.00, 1.07, 0.09, 0.00, 0.00, 0.00, 0.00, 1.00, 1.00, 0.00, 1.00, 1.00, 1.00, 0.00, 1.00, 1.00, 1.00, 1.00, 1.00, 0.00, 0.00
322, 0, 32.100, 0.98, 1, 0.00, 0.15, 0.08, 0.00, 0.14, 0.85, 0.00, 0.16, 0.22, 0.71, 0.00, 2.04, 0.39, 0.25, 0.39, 2.11, 0.04, 0.00, 0.00, 0.00, 0.00, 1.00, 1.00, 0.00, 1.00, 1.00, 1.00, 0.00, 1.00, 0.00, 1.00, 1.00, 1.00, 0.00, 0.00
323, 0, 32.200, 0.93, 1, 0.00, 0.28, 0.06, 0.00, 0.37, 0.82, 0.00, 0.50, 0.52, 1.28, 0.00, 1.78, 0.49, 0.25, 1.27, 2.19, 0.00, 0.00, 0.00, 0.00, 0.00, 1.00, 1.00, 0.00, 1.00, 1.00, 1.00, 0.00, 1.00, 0.00, 1.00, 1.00, 1.00, 0.00, 0.00
324, 0, 32.300, 0.93, 1, 0.00, 0.18, 0.00, 0.09, 0.68, 1.22, 0.10, 0.97, 0.97, 1.70, 0.00, 1.26, 0.49, 0.00, 2.21, 1.49, 0.00, 0.00, 0.00, 0.00, 0.00, 1.00, 1.00, 0.00, 1.00, 1.00, 1.00, 0.00, 1.00, 0.00, 1.00, 1.00, 1.00, 0.00, 0.00
325, 0, 32.400, 0.93, 1, 0.00, 0.13, 0.04, 0.11, 0.74, 1.54, 0.22, 1.21, 1.08, 1.65, 0.00, 1.07, 0.10, 0.00, 2.60, 0.44, 0.08, 0.00, 0.00, 0.00, 0.00, 1.00, 1.00, 0.00, 1.00, 1.00, 1.00, 0.00, 1.00, 0.00, 1.00, 1.00, 1.00, 0.00, 0.00
326, 0, 32.500, 0.88, 1, 0.00, 0.00, 0.09, 0.11, 0.80, 1.98, 0.28, 1.29, 1.03, 1.82, 0.00, 1.16, 0.42, 0.00, 2.30, 0.51, 0.21, 0.00, 0.00, 0.00, 0.00, 1.00, 1.00, 0.00, 1.00, 1.00, 1.00, 0.00, 1.00, 0.00, 1.00, 1.00, 1.00, 0.00, 0.00
327, 0, 32.600, 0.93, 1, 0.00, 0.00, 0.20, 0.02, 0.52, 1.59, 0.18, 1.03, 0.70, 1.64, 0.00, 1.68, 0.76, 0.00, 1.74, 1.19, 0.38, 0.00, 0.00, 0.00, 0.00, 1.00, 1.00, 0.00, 1.00, 1.00, 1.00, 0.00, 1.00, 0.00, 1.00, 1.00, 1.00, 0.00, 0.00
328, 0, 32.700, 0.98, 1, 0.00, 0.00, 0.26, 0.00, 0.32, 1.23, 0.06, 0.77, 0.52, 1.14, 0.00, 2.03, 0.76, 0.00, 1.16, 1.79, 0.50, 0.00, 0.00, 0.00, 0.00, 1.00, 1.00, 0.00, 1.00, 1.00, 1.00, 0.00, 1.00, 1.00, 1.00, 1.00, 1.00, 0.00, 0.00
329, 0, 32.800, 0.98, 1, 0.00, 0.00, 0.21, 0.00, 0.03, 0.98, 0.00, 0.35, 0.32, 0.68, 0.00, 2.22, 0.34, 0.01, 0.58, 2.00, 0.67, 0.00, 0.00, 0.00, 0.00, 1.00, 1.00, 0.00, 1.00, 1.00, 1.00, 0.00, 1.00, 1.00, 1.00, 1.00, 1.00, 0.00, 0.00
330, 0, 32.900, 0.93, 1, 0.00, 0.00, 0.10, 0.00, 0.15, 0.80, 0.00, 0.30, 0.46, 0.60, 0.00, 1.96, 0.12, 0.07, 0.20, 1.78, 0.64, 0.00, 0.00, 0.00, 0.00, 1.00, 1.00, 0.00, 1.00, 1.00, 1.00, 0.00, 1.00, 1.00, 1.00, 1.00, 1.00, 0.00, 0.00
331, 0, 33.000, 0.93, 1, 0.00, 0.00, 0.00, 0.00, 0.59, 0.92, 0.00, 0.70, 0.76, 0.89, 0.00, 1.58, 0.14, 0.07, 0.31, 1.26, 0.49, 0.00, 0.00, 0.00, 0.00, 1.00, 1.00, 0.00, 1.00, 1.00, 1.00, 0.00, 1.00, 1.00, 1.00, 1.00, 1.00, 0.00, 0.00
332, 0, 33.100, 0.93, 1, 0.00, 0.00, 0.00, 0.00, 0.87, 1.00, 0.11, 1.33, 1.04, 1.19, 0.00, 1.71, 0.14, 0.09, 0.55, 0.77, 0.31, 0.00, 0.00, 0.00, 0.00, 1.00, 1.00, 0.00, 1.00, 1.00, 1.00, 0.00, 1.00, 1.00, 1.00, 1.00, 1.00, 0.00, 0.00
333, 0, 33.200, 0.93, 1, 0.00, 0.00, 0.02, 0.11, 0.72, 0.92, 0.25, 1.32, 0.86, 0.88, 0.00, 1.76, 0.02, 0.05, 0.70, 0.67, 0.22, 0.00, 0.00, 0.00, 0.00, 1.00, 1.00, 0.00, 1.00, 1.00, 1.00, 0.00, 1.00, 1.00, 1.00, 1.00, 1.00, 0.00, 0.00
334, 0, 33.300, 0.98, 1, 0.00, 0.04, 0.07, 0.13, 0.56, 0.82, 0.32, 1.21, 0.75, 0.86, 0.00, 1.71, 0.14, 0.12, 0.98, 0.61, 0.16, 0.00, 0.00, 0.00, 0.00, 1.00, 1.00, 0.00, 1.00, 1.00, 1.00, 0.00, 1.00, 1.00, 1.00, 1.00, 1.00, 0.00, 0.00
335, 0, 33.400, 0.98, 1, 0.00, 0.04, 0.15, 0.13, 0.61, 0.89, 0.22, 0.82, 0.83, 0.56, 0.00, 1.17, 0.31, 0.24, 1.20, 0.37, 0.05, 0.00, 0.00, 0.00, 0.00, 1.00, 1.00, 0.00, 1.00, 1.00, 1.00, 0.00, 1.00, 1.00, 1.00, 1.00, 0.00, 0.00, 0.00
336, 0, 33.500, 0.98, 1, 0.00, 0.18, 0.28, 0.28, 0.80, 1.06, 0.07, 0.88, 1.13, 1.01, 0.00, 0.83, 0.58, 0.45, 1.23, 0.03, 0.00, 0.00, 0.00, 0.00, 0.00, 1.00, 1.00, 0.00, 1.00, 1.00, 1.00, 0.00, 1.00, 1.00, 1.00, 1.00, 0.00, 0.00, 0.00
337, 0, 33.600, 0.98, 1, 0.00, 0.15, 0.45, 0.57, 0.67, 1.18, 0.00, 0.55, 1.11, 1.30, 0.00, 0.83, 0.75, 0.68, 0.64, 0.00, 0.00, 0.00, 0.00, 0.00, 0.00, 0.00, 1.00, 0.00, 1.00, 1.00, 1.00, 0.00, 1.00, 1.00, 1.00, 1.00, 0.00, 0.00, 0.00
338, 0, 33.700, 0.93, 1, 0.00, 0.15, 0.51, 0.90, 0.44, 1.12, 0.00, 0.35, 0.90, 1.55, 0.00, 1.15, 0.93, 0.84, 0.18, 0.00, 0.00, 0.00, 0.00, 0.00, 0.00, 0.00, 1.00, 0.00, 1.00, 1.00, 1.00, 0.00, 1.00, 1.00, 1.00, 1.00, 0.00, 0.00, 0.00
339, 0, 33.800, 0.98, 1, 0.01, 0.00, 0.68, 0.83, 0.28, 1.11, 0.00, 0.14, 0.64, 1.55, 0.00, 1.49, 0.94, 0.78, 0.00, 0.00, 0.00, 0.00, 0.00, 0.00, 0.00, 0.00, 1.00, 0.00, 1.00, 1.00, 1.00, 0.00, 1.00, 1.00, 1.00, 1.00, 0.00, 0.00, 0.00
340, 0, 33.900, 0.98, 1, 0.35, 0.10, 1.12, 0.52, 0.16, 0.66, 0.00, 0.03, 0.45, 1.13, 0.02, 1.47, 0.73, 0.59, 0.00, 0.00, 0.00, 0.00, 0.00, 0.00, 0.00, 0.00, 1.00, 0.00, 1.00, 0.00, 1.00, 0.00, 1.00, 1.00, 1.00, 1.00, 0.00, 0.00, 0.00
341, 0, 34.000, 0.77, 1, 0.86, 0.50, 1.60, 0.20, 0.06, 0.26, 0.00, 0.00, 0.26, 0.82, 0.46, 1.58, 0.38, 0.48, 0.00, 0.00, 0.00, 0.00, 0.00, 1.00, 0.00, 0.00, 1.00, 0.00, 0.00, 0.00, 0.00, 0.00, 1.00, 0.00, 0.00, 0.00, 0.00, 0.00, 0.00
342, 0, 34.100, 0.77, 1, 1.34, 0.94, 1.72, 0.00, 0.03, 0.00, 0.00, 0.00, 0.20, 0.37, 0.93, 1.46, 0.09, 0.59, 0.00, 0.02, 0.00, 0.00, 0.00, 1.00, 0.00, 0.00, 1.00, 0.00, 0.00, 0.00, 0.00, 0.00, 1.00, 0.00, 0.00, 0.00, 0.00, 0.00, 0.00
343, 0, 34.200, 0.82, 1, 1.44, 1.15, 1.33, 0.00, 0.00, 0.00, 0.00, 0.04, 0.09, 0.29, 1.23, 1.35, 0.00, 0.73, 0.14, 0.05, 0.00, 0.00, 0.00, 1.00, 0.00, 0.00, 1.00, 0.00, 0.00, 0.00, 0.00, 0.00, 1.00, 0.00, 0.00, 0.00, 0.00, 0.00, 0.00
344, 0, 34.300, 0.88, 1, 1.16, 0.87, 0.99, 0.00, 0.07, 0.00, 0.00, 0.20, 0.18, 0.12, 1.15, 0.78, 0.00, 0.73, 0.14, 0.18, 0.00, 1.00, 0.00, 1.00, 0.00, 0.00, 1.00, 0.00, 0.00, 0.00, 0.00, 0.00, 0.00, 0.00, 0.00, 0.00, 0.00, 0.00, 0.00
345, 0, 34.400, 0.93, 1, 0.86, 0.43, 1.02, 0.00, 0.07, 0.07, 0.00, 0.20, 0.12, 0.12, 0.97, 0.44, 0.00, 0.53, 0.14, 0.31, 0.00, 1.00, 0.00, 1.00, 0.00, 0.00, 1.00, 0.00, 0.00, 0.00, 0.00, 0.00, 0.00, 0.00, 0.00, 0.00, 0.00, 0.00, 0.00
346, 0, 34.500, 0.98, 1, 0.83, 0.12, 1.34, 0.00, 0.07, 0.28, 0.00, 0.16, 0.09, 0.04, 0.87, 0.31, 0.00, 0.35, 0.00, 0.39, 0.00, 1.00, 0.00, 1.00, 0.00, 0.00, 0.00, 0.00, 0.00, 0.00, 0.00, 0.00, 0.00, 0.00, 0.00, 0.00, 0.00, 0.00, 0.00
347, 0, 34.600, 0.98, 1, 1.11, 0.09, 1.62, 0.00, 0.00, 0.50, 0.00, 0.00, 0.00, 0.00, 0.88, 0.29, 0.00, 0.15, 0.03, 0.46, 0.00, 1.00, 0.00, 1.00, 0.00, 0.00, 0.00, 0.00, 0.00, 0.00, 0.00, 0.00, 0.00, 0.00, 0.00, 0.00, 0.00, 0.00, 0.00
348, 0, 34.700, 0.98, 1, 1.27, 0.09, 1.50, 0.00, 0.00, 0.47, 0.00, 0.00, 0.00, 0.00, 0.90, 0.36, 0.00, 0.30, 0.15, 0.42, 0.00, 1.00, 0.00, 1.00, 0.00, 0.00, 0.00, 0.00, 0.00, 0.00, 0.00, 0.00, 0.00, 0.00, 0.00, 0.00, 0.00, 0.00, 0.00
349, 0, 34.800, 0.98, 1, 1.35, 0.21, 1.42, 0.21, 0.00, 0.26, 0.00, 0.00, 0.00, 0.00, 0.84, 0.59, 0.00, 0.48, 0.39, 0.57, 0.00, 1.00, 0.00, 1.00, 0.00, 0.00, 0.00, 0.00, 0.00, 0.00, 0.00, 0.00, 0.00, 0.00, 0.00, 0.00, 0.00, 0.00, 0.00
350, 0, 34.900, 0.98, 1, 1.47, 0.36, 1.48, 0.62, 0.00, 0.00, 0.00, 0.00, 0.00, 0.00, 0.49, 0.99, 0.00, 0.77, 0.74, 0.79, 0.00, 1.00, 1.00, 1.00, 0.00, 0.00, 0.00, 0.00, 0.00, 0.00, 0.00, 0.00, 0.00, 0.00, 0.00, 0.00, 0.00, 0.00, 0.00
